"Sales_Order #","Date","Day","Month","Year","Customer_Age","Age_Group","Customer_Gender","Country","State","Product_Category","Sub_Category","Product","Order_Quantity","Unit_Cost","Unit_Price","Profit","Cost","Revenue"
"000261273","44470","1","October","2021","48","Adults (35-64)","F","United States","California","Bikes","Road Bikes","Road-550-W Yellow, 40","3","713","1120","1221","2139","3360"
"000261274","44470","1","October","2021","27","Young Adults (25-34)","M","Canada","British Columbia","Bikes","Road Bikes","Road-650 Red, 44","2","713","1120","814","1426","2240"
"000261275","44470","1","October","2021","28","Young Adults (25-34)","M","United Kingdom","England","Bikes","Mountain Bikes","Mountain-200 Black, 38","2","713","1120","814","1426","2240"
"000261276","44470","1","October","2021","40","Adults (35-64)","F","Australia","Queensland","Bikes","Road Bikes","Road-350-W Yellow, 40","2","713","1120","814","1426","2240"
"000261277","44470","1","October","2021","28","Young Adults (25-34)","M","Australia","South Australia","Bikes","Mountain Bikes","Mountain-200 Silver, 38","1","713","1120","407","713","1120"
"000261278","44470","1","October","2021","36","Adults (35-64)","F","United States","California","Bikes","Road Bikes","Road-650 Red, 62","1","713","1120","407","713","1120"
"000261279","44470","1","October","2021","53","Adults (35-64)","M","Australia","New South Wales","Bikes","Mountain Bikes","Mountain-200 Black, 42","1","713","1120","407","713","1120"
"000261280","44470","1","October","2021","62","Adults (35-64)","M","United States","California","Bikes","Road Bikes","Road-150 Red, 56","1","713","1120","407","713","1120"
"000261281","44471","2","October","2021","28","Young Adults (25-34)","F","Australia","New South Wales","Bikes","Mountain Bikes","Mountain-200 Black, 38","3","713","1120","1221","2139","3360"
"000261282","44471","2","October","2021","29","Young Adults (25-34)","F","Australia","New South Wales","Bikes","Mountain Bikes","Mountain-200 Silver, 38","3","713","1120","1221","2139","3360"
"000261283","44471","2","October","2021","28","Young Adults (25-34)","F","Australia","New South Wales","Bikes","Mountain Bikes","Mountain-200 Black, 38","2","713","1120","814","1426","2240"
"000261284","44471","2","October","2021","47","Adults (35-64)","F","United States","California","Bikes","Road Bikes","Road-350-W Yellow, 42","2","713","1120","814","1426","2240"
"000261285","44471","2","October","2021","38","Adults (35-64)","F","United Kingdom","England","Bikes","Road Bikes","Road-250 Red, 44","1","713","1120","407","713","1120"
"000261286","44471","2","October","2021","43","Adults (35-64)","M","Australia","New South Wales","Bikes","Road Bikes","Road-150 Red, 52","1","713","1120","407","713","1120"
"000261287","44471","2","October","2021","46","Adults (35-64)","M","United States","California","Bikes","Road Bikes","Road-150 Red, 52","1","713","1120","407","713","1120"
"000261288","44471","2","October","2021","50","Adults (35-64)","M","Australia","Queensland","Bikes","Mountain Bikes","Mountain-500 Black, 44","1","713","1120","407","713","1120"
"000261289","44472","3","October","2021","34","Young Adults (25-34)","F","Australia","New South Wales","Bikes","Road Bikes","Road-250 Black, 44","4","713","1120","1628","2852","4480"
"000261290","44472","3","October","2021","46","Adults (35-64)","M","Australia","New South Wales","Bikes","Road Bikes","Road-750 Black, 48","4","713","1120","1628","2852","4480"
"000261291","44472","3","October","2021","30","Young Adults (25-34)","F","Germany","Hamburg","Bikes","Road Bikes","Road-250 Black, 44","1","713","1120","407","713","1120"
"000261292","44472","3","October","2021","36","Adults (35-64)","M","Australia","South Australia","Bikes","Road Bikes","Road-550-W Yellow, 48","1","713","1120","407","713","1120"
"000261293","44472","3","October","2021","38","Adults (35-64)","F","Australia","Victoria","Bikes","Road Bikes","Road-250 Red, 58","1","713","1120","407","713","1120"
"000261294","44472","3","October","2021","51","Adults (35-64)","M","United States","Washington","Bikes","Mountain Bikes","Mountain-100 Black, 48","1","713","1120","407","713","1120"
"000261295","44472","3","October","2021","52","Adults (35-64)","M","Australia","New South Wales","Bikes","Mountain Bikes","Mountain-200 Silver, 38","1","713","1120","407","713","1120"
"000261296","44473","4","October","2021","21","Youth (<25)","F","United States","California","Bikes","Road Bikes","Road-550-W Yellow, 40","4","713","1120","1628","2852","4480"
"000261297","44473","4","October","2021","53","Adults (35-64)","M","France","Hauts de Seine","Bikes","Road Bikes","Road-250 Black, 58","4","713","1120","1628","2852","4480"
"000261298","44473","4","October","2021","29","Young Adults (25-34)","M","France","Nord","Bikes","Road Bikes","Road-150 Red, 48","2","713","1120","814","1426","2240"
"000261299","44473","4","October","2021","45","Adults (35-64)","F","United States","California","Bikes","Road Bikes","Road-750 Black, 52","2","713","1120","814","1426","2240"
"000261300","44473","4","October","2021","38","Adults (35-64)","M","United Kingdom","England","Bikes","Mountain Bikes","Mountain-200 Silver, 42","1","713","1120","407","713","1120"
"000261301","44473","4","October","2021","38","Adults (35-64)","M","United Kingdom","England","Bikes","Road Bikes","Road-250 Black, 52","1","713","1120","407","713","1120"
"000261302","44473","4","October","2021","54","Adults (35-64)","F","United Kingdom","England","Bikes","Road Bikes","Road-750 Black, 52","1","713","1120","407","713","1120"
"000261303","44474","5","October","2021","30","Young Adults (25-34)","M","United States","Washington","Bikes","Mountain Bikes","Mountain-200 Silver, 38","4","713","1120","1628","2852","4480"
"000261304","44474","5","October","2021","40","Adults (35-64)","M","Germany","Nordrhein-Westfalen","Bikes","Road Bikes","Road-250 Red, 58","1","713","1120","407","713","1120"
"000261305","44474","5","October","2021","47","Adults (35-64)","F","Australia","Victoria","Bikes","Road Bikes","Road-150 Red, 62","1","713","1120","407","713","1120"
"000261306","44475","6","October","2021","30","Young Adults (25-34)","F","United States","California","Bikes","Mountain Bikes","Mountain-500 Black, 48","4","713","1120","1628","2852","4480"
"000261307","44475","6","October","2021","37","Adults (35-64)","M","Australia","New South Wales","Bikes","Road Bikes","Road-350-W Yellow, 42","4","713","1120","1628","2852","4480"
"000261308","44475","6","October","2021","26","Young Adults (25-34)","F","Australia","New South Wales","Bikes","Mountain Bikes","Mountain-200 Black, 46","3","713","1120","1221","2139","3360"
"000261309","44475","6","October","2021","32","Young Adults (25-34)","F","United States","Washington","Bikes","Mountain Bikes","Mountain-200 Black, 38","3","713","1120","1221","2139","3360"
"000261310","44475","6","October","2021","24","Youth (<25)","F","Australia","Victoria","Bikes","Road Bikes","Road-550-W Yellow, 40","2","713","1120","814","1426","2240"
"000261311","44475","6","October","2021","26","Young Adults (25-34)","M","Australia","Victoria","Bikes","Road Bikes","Road-750 Black, 52","1","713","1120","407","713","1120"
"000261312","44475","6","October","2021","29","Young Adults (25-34)","F","France","Hauts de Seine","Bikes","Mountain Bikes","Mountain-200 Silver, 46","1","713","1120","407","713","1120"
"000261313","44476","7","October","2021","43","Adults (35-64)","M","Australia","New South Wales","Bikes","Road Bikes","Road-150 Red, 52","4","713","1120","1628","2852","4480"
"000261314","44476","7","October","2021","32","Young Adults (25-34)","F","Australia","Queensland","Bikes","Mountain Bikes","Mountain-200 Silver, 42","3","713","1120","1221","2139","3360"
"000261315","44476","7","October","2021","36","Adults (35-64)","F","Australia","Queensland","Bikes","Road Bikes","Road-350-W Yellow, 44","3","713","1120","1221","2139","3360"
"000261316","44476","7","October","2021","46","Adults (35-64)","F","United States","California","Bikes","Road Bikes","Road-350-W Yellow, 48","2","713","1120","814","1426","2240"
"000261317","44476","7","October","2021","37","Adults (35-64)","F","Australia","New South Wales","Bikes","Road Bikes","Road-550-W Yellow, 38","1","713","1120","407","713","1120"
"000261318","44476","7","October","2021","41","Adults (35-64)","M","Australia","Queensland","Bikes","Road Bikes","Road-250 Black, 48","1","713","1120","407","713","1120"
"000261319","44476","7","October","2021","46","Adults (35-64)","M","United States","California","Bikes","Road Bikes","Road-150 Red, 52","1","713","1120","407","713","1120"
"000261320","44477","8","October","2021","35","Adults (35-64)","F","Canada","British Columbia","Bikes","Road Bikes","Road-750 Black, 52","4","713","1120","1628","2852","4480"
"000261321","44477","8","October","2021","41","Adults (35-64)","F","Australia","New South Wales","Bikes","Mountain Bikes","Mountain-400-W Silver, 38","4","713","1120","1628","2852","4480"
"000261322","44477","8","October","2021","55","Adults (35-64)","M","Australia","Victoria","Bikes","Road Bikes","Road-350-W Yellow, 48","4","713","1120","1628","2852","4480"
"000261323","44477","8","October","2021","31","Young Adults (25-34)","F","Germany","Saarland","Bikes","Road Bikes","Road-250 Black, 44","3","713","1120","1221","2139","3360"
"000261324","44477","8","October","2021","41","Adults (35-64)","M","Australia","South Australia","Bikes","Road Bikes","Road-250 Black, 48","3","713","1120","1221","2139","3360"
"000261325","44477","8","October","2021","21","Youth (<25)","M","United States","California","Bikes","Road Bikes","Road-250 Black, 48","1","713","1120","407","713","1120"
"000261326","44477","8","October","2021","28","Young Adults (25-34)","F","United Kingdom","England","Bikes","Mountain Bikes","Mountain-200 Black, 46","1","713","1120","407","713","1120"
"000261327","44478","9","October","2021","27","Young Adults (25-34)","M","France","Loir et Cher","Bikes","Road Bikes","Road-750 Black, 52","3","713","1120","1221","2139","3360"
"000261328","44478","9","October","2021","43","Adults (35-64)","M","United Kingdom","England","Bikes","Road Bikes","Road-550-W Yellow, 48","2","713","1120","814","1426","2240"
"000261329","44478","9","October","2021","46","Adults (35-64)","M","France","Moselle","Bikes","Mountain Bikes","Mountain-200 Silver, 46","2","713","1120","814","1426","2240"
"000261330","44479","10","October","2021","38","Adults (35-64)","M","United Kingdom","England","Bikes","Road Bikes","Road-250 Black, 52","3","713","1120","1221","2139","3360"
"000261331","44479","10","October","2021","36","Adults (35-64)","F","United States","California","Bikes","Road Bikes","Road-650 Red, 62","1","713","1120","407","713","1120"
"000261332","44479","10","October","2021","45","Adults (35-64)","F","Australia","New South Wales","Bikes","Road Bikes","Road-550-W Yellow, 40","1","713","1120","407","713","1120"
"000261333","44479","10","October","2021","47","Adults (35-64)","F","Australia","New South Wales","Bikes","Mountain Bikes","Mountain-500 Silver, 42","1","713","1120","407","713","1120"
"000261334","44480","11","October","2021","37","Adults (35-64)","F","Australia","South Australia","Bikes","Road Bikes","Road-350-W Yellow, 40","4","713","1120","1628","2852","4480"
"000261335","44480","11","October","2021","44","Adults (35-64)","F","Canada","British Columbia","Bikes","Mountain Bikes","Mountain-500 Black, 42","4","713","1120","1628","2852","4480"
"000261336","44480","11","October","2021","37","Adults (35-64)","F","Australia","New South Wales","Bikes","Road Bikes","Road-550-W Yellow, 38","3","713","1120","1221","2139","3360"
"000261337","44480","11","October","2021","26","Young Adults (25-34)","F","France","Moselle","Bikes","Road Bikes","Road-750 Black, 58","1","713","1120","407","713","1120"
"000261338","44480","11","October","2021","26","Young Adults (25-34)","M","Germany","Bayern","Bikes","Road Bikes","Road-250 Red, 48","1","713","1120","407","713","1120"
"000261339","44480","11","October","2021","28","Young Adults (25-34)","M","Australia","Tasmania","Bikes","Mountain Bikes","Mountain-200 Black, 42","1","713","1120","407","713","1120"
"000261340","44480","11","October","2021","35","Adults (35-64)","M","Australia","Tasmania","Bikes","Road Bikes","Road-350-W Yellow, 48","1","713","1120","407","713","1120"
"000261341","44481","12","October","2021","37","Adults (35-64)","M","Australia","Victoria","Bikes","Road Bikes","Road-550-W Yellow, 48","4","713","1120","1628","2852","4480"
"000261342","44481","12","October","2021","41","Adults (35-64)","M","Australia","New South Wales","Bikes","Road Bikes","Road-750 Black, 48","4","713","1120","1628","2852","4480"
"000261343","44481","12","October","2021","37","Adults (35-64)","M","United Kingdom","England","Bikes","Mountain Bikes","Mountain-500 Silver, 40","3","713","1120","1221","2139","3360"
"000261344","44481","12","October","2021","27","Young Adults (25-34)","M","United Kingdom","England","Bikes","Road Bikes","Road-750 Black, 48","2","713","1120","814","1426","2240"
"000261345","44481","12","October","2021","41","Adults (35-64)","M","Germany","Bayern","Bikes","Road Bikes","Road-650 Black, 52","2","713","1120","814","1426","2240"
"000261346","44481","12","October","2021","26","Young Adults (25-34)","F","Australia","New South Wales","Bikes","Road Bikes","Road-250 Red, 58","1","713","1120","407","713","1120"
"000261347","44481","12","October","2021","32","Young Adults (25-34)","F","France","Nord","Bikes","Road Bikes","Road-150 Red, 44","1","713","1120","407","713","1120"
"000261348","44481","12","October","2021","39","Adults (35-64)","F","Australia","Queensland","Bikes","Road Bikes","Road-350-W Yellow, 48","1","713","1120","407","713","1120"
"000261349","44481","12","October","2021","44","Adults (35-64)","F","Australia","New South Wales","Bikes","Road Bikes","Road-750 Black, 44","1","713","1120","407","713","1120"
"000261350","44481","12","October","2021","45","Adults (35-64)","M","United States","Washington","Bikes","Road Bikes","Road-150 Red, 56","1","713","1120","407","713","1120"
"000261351","44481","12","October","2021","53","Adults (35-64)","F","United Kingdom","England","Bikes","Road Bikes","Road-250 Black, 52","1","713","1120","407","713","1120"
"000261352","44481","12","October","2021","57","Adults (35-64)","M","Australia","Queensland","Bikes","Road Bikes","Road-550-W Yellow, 42","1","713","1120","407","713","1120"
"000261353","44482","13","October","2021","40","Adults (35-64)","M","Australia","Queensland","Bikes","Road Bikes","Road-250 Black, 48","4","713","1120","1628","2852","4480"
"000261354","44482","13","October","2021","50","Adults (35-64)","M","Australia","New South Wales","Bikes","Mountain Bikes","Mountain-500 Black, 48","4","713","1120","1628","2852","4480"
"000261355","44482","13","October","2021","18","Youth (<25)","F","United States","Washington","Bikes","Road Bikes","Road-150 Red, 56","3","713","1120","1221","2139","3360"
"000261356","44482","13","October","2021","40","Adults (35-64)","F","Australia","New South Wales","Bikes","Road Bikes","Road-250 Black, 52","3","713","1120","1221","2139","3360"
"000261357","44482","13","October","2021","43","Adults (35-64)","M","Australia","New South Wales","Bikes","Mountain Bikes","Mountain-200 Black, 42","3","713","1120","1221","2139","3360"
"000261358","44482","13","October","2021","32","Young Adults (25-34)","M","United States","Oregon","Bikes","Road Bikes","Road-750 Black, 52","2","713","1120","814","1426","2240"
"000261359","44482","13","October","2021","29","Young Adults (25-34)","M","Australia","South Australia","Bikes","Road Bikes","Road-350-W Yellow, 40","1","713","1120","407","713","1120"
"000261360","44482","13","October","2021","30","Young Adults (25-34)","M","Germany","Saarland","Bikes","Road Bikes","Road-650 Red, 52","1","713","1120","407","713","1120"
"000261361","44482","13","October","2021","31","Young Adults (25-34)","F","United States","California","Bikes","Mountain Bikes","Mountain-200 Black, 38","1","713","1120","407","713","1120"
"000261362","44482","13","October","2021","38","Adults (35-64)","M","United Kingdom","England","Bikes","Mountain Bikes","Mountain-200 Silver, 42","1","713","1120","407","713","1120"
"000261363","44482","13","October","2021","45","Adults (35-64)","M","Australia","South Australia","Bikes","Road Bikes","Road-750 Black, 44","1","713","1120","407","713","1120"
"000261364","44482","13","October","2021","47","Adults (35-64)","M","Australia","New South Wales","Bikes","Mountain Bikes","Mountain-500 Silver, 52","1","713","1120","407","713","1120"
"000261365","44482","13","October","2021","55","Adults (35-64)","M","Australia","New South Wales","Bikes","Road Bikes","Road-750 Black, 44","1","713","1120","407","713","1120"
"000261366","44483","14","October","2021","37","Adults (35-64)","F","Australia","New South Wales","Bikes","Road Bikes","Road-550-W Yellow, 38","4","713","1120","1628","2852","4480"
"000261367","44483","14","October","2021","48","Adults (35-64)","F","Australia","New South Wales","Bikes","Road Bikes","Road-550-W Yellow, 38","3","713","1120","1221","2139","3360"
"000261368","44483","14","October","2021","45","Adults (35-64)","F","Australia","Victoria","Bikes","Road Bikes","Road-750 Black, 48","2","713","1120","814","1426","2240"
"000261369","44483","14","October","2021","28","Young Adults (25-34)","M","Australia","Queensland","Bikes","Mountain Bikes","Mountain-200 Silver, 42","1","713","1120","407","713","1120"
"000261370","44483","14","October","2021","31","Young Adults (25-34)","M","Germany","Bayern","Bikes","Road Bikes","Road-250 Red, 52","1","713","1120","407","713","1120"
"000261371","44483","14","October","2021","42","Adults (35-64)","F","Germany","Hessen","Bikes","Road Bikes","Road-650 Red, 62","1","713","1120","407","713","1120"
"000261372","44484","15","October","2021","41","Adults (35-64)","M","Australia","Queensland","Bikes","Road Bikes","Road-250 Black, 48","4","713","1120","1628","2852","4480"
"000261373","44484","15","October","2021","57","Adults (35-64)","M","Australia","New South Wales","Bikes","Road Bikes","Road-150 Red, 52","4","713","1120","1628","2852","4480"
"000261374","44484","15","October","2021","24","Youth (<25)","F","Australia","Tasmania","Bikes","Road Bikes","Road-550-W Yellow, 48","3","713","1120","1221","2139","3360"
"000261375","44484","15","October","2021","43","Adults (35-64)","F","United States","Washington","Bikes","Road Bikes","Road-150 Red, 62","3","713","1120","1221","2139","3360"
"000261376","44484","15","October","2021","27","Young Adults (25-34)","F","United Kingdom","England","Bikes","Mountain Bikes","Mountain-200 Silver, 38","1","713","1120","407","713","1120"
"000261377","44484","15","October","2021","29","Young Adults (25-34)","F","United Kingdom","England","Bikes","Road Bikes","Road-550-W Yellow, 38","1","713","1120","407","713","1120"
"000261378","44485","16","October","2021","46","Adults (35-64)","F","France","Val de Marne","Bikes","Mountain Bikes","Mountain-200 Black, 46","4","713","1120","1628","2852","4480"
"000261379","44485","16","October","2021","47","Adults (35-64)","M","United States","California","Bikes","Road Bikes","Road-650 Red, 60","4","713","1120","1628","2852","4480"
"000261380","44485","16","October","2021","36","Adults (35-64)","F","Australia","Queensland","Bikes","Road Bikes","Road-350-W Yellow, 44","3","713","1120","1221","2139","3360"
"000261381","44485","16","October","2021","42","Adults (35-64)","F","United States","Washington","Bikes","Road Bikes","Road-750 Black, 48","2","713","1120","814","1426","2240"
"000261382","44485","16","October","2021","47","Adults (35-64)","F","United States","Texas","Bikes","Road Bikes","Road-650 Red, 62","2","713","1120","814","1426","2240"
"000261383","44485","16","October","2021","28","Young Adults (25-34)","F","United Kingdom","England","Bikes","Mountain Bikes","Mountain-200 Black, 46","1","713","1120","407","713","1120"
"000261384","44485","16","October","2021","38","Adults (35-64)","F","United Kingdom","England","Bikes","Road Bikes","Road-250 Red, 44","1","713","1120","407","713","1120"
"000261385","44485","16","October","2021","46","Adults (35-64)","F","Germany","Saarland","Bikes","Road Bikes","Road-650 Red, 62","1","713","1120","407","713","1120"
"000261386","44485","16","October","2021","50","Adults (35-64)","M","United States","California","Bikes","Mountain Bikes","Mountain-200 Black, 46","1","713","1120","407","713","1120"
"000261387","44486","17","October","2021","30","Young Adults (25-34)","M","France","Seine Saint Denis","Bikes","Road Bikes","Road-250 Black, 48","4","713","1120","1628","2852","4480"
"000261388","44486","17","October","2021","45","Adults (35-64)","F","United States","Washington","Bikes","Road Bikes","Road-250 Black, 52","3","713","1120","1221","2139","3360"
"000261389","44486","17","October","2021","33","Young Adults (25-34)","M","Germany","Bayern","Bikes","Road Bikes","Road-150 Red, 62","2","713","1120","814","1426","2240"
"000261390","44486","17","October","2021","26","Young Adults (25-34)","F","Germany","Hessen","Bikes","Road Bikes","Road-250 Red, 58","1","713","1120","407","713","1120"
"000261391","44486","17","October","2021","27","Young Adults (25-34)","M","United States","California","Bikes","Mountain Bikes","Mountain-200 Silver, 38","1","713","1120","407","713","1120"
"000261392","44486","17","October","2021","46","Adults (35-64)","F","United States","California","Bikes","Road Bikes","Road-350-W Yellow, 48","1","713","1120","407","713","1120"
"000261393","44487","18","October","2021","51","Adults (35-64)","M","United States","Oregon","Bikes","Mountain Bikes","Mountain-200 Black, 38","4","713","1120","1628","2852","4480"
"000261394","44487","18","October","2021","27","Young Adults (25-34)","M","Australia","New South Wales","Bikes","Mountain Bikes","Mountain-200 Black, 38","1","713","1120","407","713","1120"
"000261395","44487","18","October","2021","28","Young Adults (25-34)","F","Australia","Victoria","Bikes","Mountain Bikes","Mountain-200 Black, 42","1","713","1120","407","713","1120"
"000261396","44487","18","October","2021","28","Young Adults (25-34)","M","United States","California","Bikes","Mountain Bikes","Mountain-200 Black, 38","1","713","1120","407","713","1120"
"000261397","44487","18","October","2021","30","Young Adults (25-34)","F","United States","Washington","Bikes","Mountain Bikes","Mountain-200 Silver, 38","1","713","1120","407","713","1120"
"000261398","44487","18","October","2021","46","Adults (35-64)","F","United States","California","Bikes","Road Bikes","Road-350-W Yellow, 48","1","713","1120","407","713","1120"
"000261399","44487","18","October","2021","50","Adults (35-64)","M","Australia","Victoria","Bikes","Mountain Bikes","Mountain-500 Silver, 40","1","713","1120","407","713","1120"
"000261400","44488","19","October","2021","46","Adults (35-64)","M","United Kingdom","England","Bikes","Road Bikes","Road-750 Black, 58","4","713","1120","1628","2852","4480"
"000261401","44488","19","October","2021","28","Young Adults (25-34)","F","Australia","Queensland","Bikes","Mountain Bikes","Mountain-200 Black, 38","3","713","1120","1221","2139","3360"
"000261402","44488","19","October","2021","29","Young Adults (25-34)","M","Australia","New South Wales","Bikes","Mountain Bikes","Mountain-200 Black, 46","3","713","1120","1221","2139","3360"
"000261403","44488","19","October","2021","56","Adults (35-64)","M","Australia","New South Wales","Bikes","Road Bikes","Road-550-W Yellow, 44","3","713","1120","1221","2139","3360"
"000261404","44488","19","October","2021","26","Young Adults (25-34)","M","Australia","New South Wales","Bikes","Mountain Bikes","Mountain-400-W Silver, 46","2","713","1120","814","1426","2240"
"000261405","44488","19","October","2021","41","Adults (35-64)","F","Canada","British Columbia","Bikes","Mountain Bikes","Mountain-200 Black, 38","2","713","1120","814","1426","2240"
"000261406","44488","19","October","2021","45","Adults (35-64)","M","United States","Washington","Bikes","Road Bikes","Road-150 Red, 56","2","713","1120","814","1426","2240"
"000261407","44488","19","October","2021","29","Young Adults (25-34)","M","France","Hauts de Seine","Bikes","Mountain Bikes","Mountain-200 Black, 46","1","713","1120","407","713","1120"
"000261408","44488","19","October","2021","31","Young Adults (25-34)","F","United States","Washington","Bikes","Mountain Bikes","Mountain-200 Silver, 38","1","713","1120","407","713","1120"
"000261409","44488","19","October","2021","31","Young Adults (25-34)","M","Australia","Victoria","Bikes","Road Bikes","Road-550-W Yellow, 44","1","713","1120","407","713","1120"
"000261410","44488","19","October","2021","41","Adults (35-64)","M","Australia","Victoria","Bikes","Road Bikes","Road-250 Red, 58","1","713","1120","407","713","1120"
"000261411","44488","19","October","2021","51","Adults (35-64)","F","Australia","New South Wales","Bikes","Mountain Bikes","Mountain-200 Silver, 42","1","713","1120","407","713","1120"
"000261412","44489","20","October","2021","26","Young Adults (25-34)","F","Australia","Queensland","Bikes","Mountain Bikes","Mountain-200 Silver, 38","3","713","1120","1221","2139","3360"
"000261413","44489","20","October","2021","30","Young Adults (25-34)","M","France","Essonne","Bikes","Road Bikes","Road-150 Red, 48","3","713","1120","1221","2139","3360"
"000261414","44489","20","October","2021","39","Adults (35-64)","M","United Kingdom","England","Bikes","Road Bikes","Road-150 Red, 44","2","713","1120","814","1426","2240"
"000261415","44489","20","October","2021","26","Young Adults (25-34)","F","France","Seine (Paris)","Bikes","Road Bikes","Road-250 Red, 58","1","713","1120","407","713","1120"
"000261416","44489","20","October","2021","27","Young Adults (25-34)","M","United Kingdom","England","Bikes","Road Bikes","Road-750 Black, 48","1","713","1120","407","713","1120"
"000261417","44489","20","October","2021","29","Young Adults (25-34)","F","United Kingdom","England","Bikes","Road Bikes","Road-550-W Yellow, 38","1","713","1120","407","713","1120"
"000261418","44489","20","October","2021","29","Young Adults (25-34)","M","Canada","British Columbia","Bikes","Road Bikes","Road-750 Black, 48","1","713","1120","407","713","1120"
"000261419","44489","20","October","2021","35","Adults (35-64)","F","Canada","British Columbia","Bikes","Road Bikes","Road-750 Black, 52","1","713","1120","407","713","1120"
"000261420","44489","20","October","2021","61","Adults (35-64)","M","United States","Washington","Bikes","Road Bikes","Road-250 Black, 48","1","713","1120","407","713","1120"
"000261421","44490","21","October","2021","28","Young Adults (25-34)","M","France","Seine (Paris)","Bikes","Mountain Bikes","Mountain-400-W Silver, 46","4","713","1120","1628","2852","4480"
"000261422","44490","21","October","2021","44","Adults (35-64)","F","Germany","Hessen","Bikes","Road Bikes","Road-650 Red, 60","3","713","1120","1221","2139","3360"
"000261423","44490","21","October","2021","57","Adults (35-64)","F","Australia","Victoria","Bikes","Road Bikes","Road-750 Black, 58","3","713","1120","1221","2139","3360"
"000261424","44490","21","October","2021","44","Adults (35-64)","M","Australia","South Australia","Bikes","Mountain Bikes","Mountain-200 Black, 42","2","713","1120","814","1426","2240"
"000261425","44490","21","October","2021","52","Adults (35-64)","M","United States","California","Bikes","Mountain Bikes","Mountain-200 Silver, 46","2","713","1120","814","1426","2240"
"000261426","44490","21","October","2021","61","Adults (35-64)","F","United States","California","Bikes","Road Bikes","Road-150 Red, 52","2","713","1120","814","1426","2240"
"000261427","44490","21","October","2021","23","Youth (<25)","M","Australia","New South Wales","Bikes","Road Bikes","Road-250 Black, 58","1","713","1120","407","713","1120"
"000261428","44490","21","October","2021","32","Young Adults (25-34)","F","Australia","New South Wales","Bikes","Mountain Bikes","Mountain-400-W Silver, 40","1","713","1120","407","713","1120"
"000261429","44490","21","October","2021","32","Young Adults (25-34)","F","Australia","Victoria","Bikes","Mountain Bikes","Mountain-400-W Silver, 46","1","713","1120","407","713","1120"
"000261430","44490","21","October","2021","38","Adults (35-64)","F","United Kingdom","England","Bikes","Road Bikes","Road-150 Red, 56","1","713","1120","407","713","1120"
"000261431","44491","22","October","2021","30","Young Adults (25-34)","M","Germany","Bayern","Bikes","Road Bikes","Road-750 Black, 48","4","713","1120","1628","2852","4480"
"000261432","44491","22","October","2021","32","Young Adults (25-34)","M","Germany","Hamburg","Bikes","Road Bikes","Road-250 Black, 58","3","713","1120","1221","2139","3360"
"000261433","44491","22","October","2021","35","Adults (35-64)","M","Canada","British Columbia","Bikes","Road Bikes","Road-750 Black, 52","2","713","1120","814","1426","2240"
"000261434","44491","22","October","2021","25","Young Adults (25-34)","F","Canada","British Columbia","Bikes","Road Bikes","Road-250 Red, 52","1","713","1120","407","713","1120"
"000261435","44491","22","October","2021","32","Young Adults (25-34)","F","United States","California","Bikes","Mountain Bikes","Mountain-200 Silver, 46","1","713","1120","407","713","1120"
"000261436","44491","22","October","2021","37","Adults (35-64)","M","United Kingdom","England","Bikes","Road Bikes","Road-350-W Yellow, 40","1","713","1120","407","713","1120"
"000261437","44491","22","October","2021","45","Adults (35-64)","F","United States","California","Bikes","Road Bikes","Road-750 Black, 52","1","713","1120","407","713","1120"
"000261438","44492","23","October","2021","27","Young Adults (25-34)","F","Australia","South Australia","Bikes","Mountain Bikes","Mountain-200 Black, 46","1","713","1120","407","713","1120"
"000261439","44492","23","October","2021","29","Young Adults (25-34)","M","United Kingdom","England","Bikes","Road Bikes","Road-350-W Yellow, 48","1","713","1120","407","713","1120"
"000261440","44492","23","October","2021","36","Adults (35-64)","M","France","Hauts de Seine","Bikes","Road Bikes","Road-350-W Yellow, 44","1","713","1120","407","713","1120"
"000261441","44492","23","October","2021","42","Adults (35-64)","M","Australia","Victoria","Bikes","Mountain Bikes","Mountain-200 Silver, 46","1","713","1120","407","713","1120"
"000261442","44492","23","October","2021","42","Adults (35-64)","M","Australia","South Australia","Bikes","Mountain Bikes","Mountain-200 Black, 38","1","713","1120","407","713","1120"
"000261443","44492","23","October","2021","43","Adults (35-64)","M","France","Seine Saint Denis","Bikes","Road Bikes","Road-250 Black, 52","1","713","1120","407","713","1120"
"000261444","44492","23","October","2021","47","Adults (35-64)","F","Australia","Queensland","Bikes","Mountain Bikes","Mountain-200 Black, 46","1","713","1120","407","713","1120"
"000261445","44493","24","October","2021","19","Youth (<25)","M","Canada","British Columbia","Bikes","Road Bikes","Road-150 Red, 56","3","713","1120","1221","2139","3360"
"000261446","44493","24","October","2021","27","Young Adults (25-34)","F","France","Loiret","Bikes","Road Bikes","Road-750 Black, 48","3","713","1120","1221","2139","3360"
"000261447","44493","24","October","2021","27","Young Adults (25-34)","F","United Kingdom","England","Bikes","Road Bikes","Road-350-W Yellow, 48","2","713","1120","814","1426","2240"
"000261448","44493","24","October","2021","41","Adults (35-64)","F","Canada","British Columbia","Bikes","Mountain Bikes","Mountain-200 Black, 38","2","713","1120","814","1426","2240"
"000261449","44493","24","October","2021","41","Adults (35-64)","M","Australia","New South Wales","Bikes","Mountain Bikes","Mountain-200 Silver, 46","2","713","1120","814","1426","2240"
"000261450","44493","24","October","2021","27","Young Adults (25-34)","M","Canada","British Columbia","Bikes","Road Bikes","Road-650 Red, 44","1","713","1120","407","713","1120"
"000261451","44493","24","October","2021","30","Young Adults (25-34)","F","Australia","New South Wales","Bikes","Mountain Bikes","Mountain-200 Silver, 38","1","713","1120","407","713","1120"
"000261452","44493","24","October","2021","39","Adults (35-64)","F","Australia","Victoria","Bikes","Road Bikes","Road-150 Red, 56","1","713","1120","407","713","1120"
"000261453","44493","24","October","2021","44","Adults (35-64)","F","Australia","Queensland","Bikes","Mountain Bikes","Mountain-400-W Silver, 38","1","713","1120","407","713","1120"
"000261454","44494","25","October","2021","28","Young Adults (25-34)","M","Australia","Victoria","Bikes","Mountain Bikes","Mountain-200 Black, 38","4","713","1120","1628","2852","4480"
"000261455","44494","25","October","2021","31","Young Adults (25-34)","F","Australia","Victoria","Bikes","Mountain Bikes","Mountain-200 Black, 46","4","713","1120","1628","2852","4480"
"000261456","44494","25","October","2021","32","Young Adults (25-34)","F","United States","California","Bikes","Mountain Bikes","Mountain-200 Silver, 46","4","713","1120","1628","2852","4480"
"000261457","44494","25","October","2021","23","Youth (<25)","M","France","Seine (Paris)","Bikes","Mountain Bikes","Mountain-200 Black, 38","3","713","1120","1221","2139","3360"
"000261458","44494","25","October","2021","41","Adults (35-64)","M","Germany","Nordrhein-Westfalen","Bikes","Road Bikes","Road-550-W Yellow, 40","2","713","1120","814","1426","2240"
"000261459","44494","25","October","2021","24","Youth (<25)","F","Australia","Queensland","Bikes","Road Bikes","Road-550-W Yellow, 42","1","713","1120","407","713","1120"
"000261460","44494","25","October","2021","37","Adults (35-64)","F","Canada","British Columbia","Bikes","Road Bikes","Road-650 Red, 60","1","713","1120","407","713","1120"
"000261461","44495","26","October","2021","40","Adults (35-64)","M","Australia","Victoria","Bikes","Mountain Bikes","Mountain-200 Black, 42","3","713","1120","1221","2139","3360"
"000261462","44495","26","October","2021","27","Young Adults (25-34)","M","United Kingdom","England","Bikes","Mountain Bikes","Mountain-400-W Silver, 46","2","713","1120","814","1426","2240"
"000261463","44495","26","October","2021","23","Youth (<25)","F","Australia","New South Wales","Bikes","Road Bikes","Road-350-W Yellow, 42","1","713","1120","407","713","1120"
"000261464","44495","26","October","2021","32","Young Adults (25-34)","M","France","Seine (Paris)","Bikes","Road Bikes","Road-150 Red, 48","1","713","1120","407","713","1120"
"000261465","44495","26","October","2021","37","Adults (35-64)","F","United States","Oregon","Bikes","Road Bikes","Road-550-W Yellow, 42","1","713","1120","407","713","1120"
"000261466","44495","26","October","2021","46","Adults (35-64)","F","Australia","Victoria","Bikes","Road Bikes","Road-750 Black, 48","1","713","1120","407","713","1120"
"000261467","44495","26","October","2021","47","Adults (35-64)","F","France","Nord","Bikes","Road Bikes","Road-250 Red, 52","1","713","1120","407","713","1120"
"000261468","44495","26","October","2021","51","Adults (35-64)","F","United States","California","Bikes","Mountain Bikes","Mountain-400-W Silver, 42","1","713","1120","407","713","1120"
"000261469","44495","26","October","2021","57","Adults (35-64)","M","Australia","Queensland","Bikes","Road Bikes","Road-550-W Yellow, 42","1","713","1120","407","713","1120"
"000261470","44496","27","October","2021","47","Adults (35-64)","M","Canada","British Columbia","Bikes","Road Bikes","Road-750 Black, 58","3","713","1120","1221","2139","3360"
"000261471","44496","27","October","2021","30","Young Adults (25-34)","M","Canada","British Columbia","Bikes","Road Bikes","Road-750 Black, 52","1","713","1120","407","713","1120"
"000261472","44496","27","October","2021","36","Adults (35-64)","F","Australia","Victoria","Bikes","Road Bikes","Road-550-W Yellow, 48","1","713","1120","407","713","1120"
"000261473","44497","28","October","2021","27","Young Adults (25-34)","M","United Kingdom","England","Bikes","Road Bikes","Road-750 Black, 48","4","713","1120","1628","2852","4480"
"000261474","44497","28","October","2021","54","Adults (35-64)","F","United Kingdom","England","Bikes","Road Bikes","Road-750 Black, 52","4","713","1120","1628","2852","4480"
"000261475","44497","28","October","2021","31","Young Adults (25-34)","M","Germany","Hessen","Bikes","Road Bikes","Road-750 Black, 44","3","713","1120","1221","2139","3360"
"000261476","44497","28","October","2021","54","Adults (35-64)","M","Australia","Queensland","Bikes","Road Bikes","Road-550-W Yellow, 48","2","713","1120","814","1426","2240"
"000261477","44497","28","October","2021","21","Youth (<25)","F","United States","California","Bikes","Road Bikes","Road-550-W Yellow, 40","1","713","1120","407","713","1120"
"000261478","44497","28","October","2021","42","Adults (35-64)","M","Australia","New South Wales","Bikes","Road Bikes","Road-150 Red, 44","1","713","1120","407","713","1120"
"000261479","44498","29","October","2021","44","Adults (35-64)","F","Australia","New South Wales","Bikes","Road Bikes","Road-750 Black, 44","4","713","1120","1628","2852","4480"
"000261480","44498","29","October","2021","29","Young Adults (25-34)","F","Australia","New South Wales","Bikes","Road Bikes","Road-250 Black, 44","3","713","1120","1221","2139","3360"
"000261481","44498","29","October","2021","32","Young Adults (25-34)","F","Australia","Queensland","Bikes","Mountain Bikes","Mountain-200 Silver, 42","2","713","1120","814","1426","2240"
"000261482","44498","29","October","2021","27","Young Adults (25-34)","F","Australia","Queensland","Bikes","Mountain Bikes","Mountain-200 Silver, 38","1","713","1120","407","713","1120"
"000261483","44498","29","October","2021","32","Young Adults (25-34)","M","Australia","Queensland","Bikes","Road Bikes","Road-350-W Yellow, 42","1","713","1120","407","713","1120"
"000261484","44498","29","October","2021","40","Adults (35-64)","F","Germany","Hamburg","Bikes","Road Bikes","Road-650 Red, 62","1","713","1120","407","713","1120"
"000261485","44499","30","October","2021","33","Young Adults (25-34)","F","Australia","Victoria","Bikes","Road Bikes","Road-250 Black, 58","4","713","1120","1628","2852","4480"
"000261486","44499","30","October","2021","51","Adults (35-64)","M","United States","California","Bikes","Mountain Bikes","Mountain-400-W Silver, 38","4","713","1120","1628","2852","4480"
"000261487","44499","30","October","2021","23","Youth (<25)","M","United States","California","Bikes","Road Bikes","Road-550-W Yellow, 42","3","713","1120","1221","2139","3360"
"000261488","44499","30","October","2021","26","Young Adults (25-34)","F","Australia","Queensland","Bikes","Mountain Bikes","Mountain-200 Silver, 38","3","713","1120","1221","2139","3360"
"000261489","44499","30","October","2021","33","Young Adults (25-34)","F","France","Essonne","Bikes","Road Bikes","Road-150 Red, 44","3","713","1120","1221","2139","3360"
"000261490","44499","30","October","2021","42","Adults (35-64)","F","Australia","Victoria","Bikes","Road Bikes","Road-750 Black, 48","3","713","1120","1221","2139","3360"
"000261491","44499","30","October","2021","53","Adults (35-64)","M","France","Seine (Paris)","Bikes","Road Bikes","Road-150 Red, 48","3","713","1120","1221","2139","3360"
"000261492","44499","30","October","2021","27","Young Adults (25-34)","M","France","Essonne","Bikes","Mountain Bikes","Mountain-200 Black, 42","2","713","1120","814","1426","2240"
"000261493","44499","30","October","2021","30","Young Adults (25-34)","F","France","Seine (Paris)","Bikes","Road Bikes","Road-650 Black, 52","1","713","1120","407","713","1120"
"000261494","44499","30","October","2021","36","Adults (35-64)","F","United States","Oregon","Bikes","Road Bikes","Road-250 Black, 58","1","713","1120","407","713","1120"
"000261495","44499","30","October","2021","43","Adults (35-64)","F","United States","California","Bikes","Road Bikes","Road-150 Red, 44","1","713","1120","407","713","1120"
"000261496","44499","30","October","2021","54","Adults (35-64)","M","Australia","New South Wales","Bikes","Road Bikes","Road-650 Black, 52","1","713","1120","407","713","1120"
"000261497","44500","31","October","2021","21","Youth (<25)","F","United States","California","Bikes","Road Bikes","Road-550-W Yellow, 40","2","713","1120","814","1426","2240"
"000261498","44500","31","October","2021","45","Adults (35-64)","F","United States","California","Bikes","Road Bikes","Road-750 Black, 52","2","713","1120","814","1426","2240"
"000261499","44500","31","October","2021","32","Young Adults (25-34)","F","Germany","Hamburg","Bikes","Road Bikes","Road-250 Black, 44","1","713","1120","407","713","1120"
"000261500","44500","31","October","2021","39","Adults (35-64)","F","United Kingdom","England","Bikes","Road Bikes","Road-750 Black, 48","1","713","1120","407","713","1120"
"000261501","44500","31","October","2021","57","Adults (35-64)","M","Australia","Victoria","Bikes","Road Bikes","Road-550-W Yellow, 48","1","713","1120","407","713","1120"
"000261502","44501","1","November","2021","17","Youth (<25)","M","Australia","Victoria","Bikes","Road Bikes","Road-750 Black, 48","3","713","1120","1221","2139","3360"
"000261503","44501","1","November","2021","20","Youth (<25)","M","Australia","Victoria","Bikes","Road Bikes","Road-750 Black, 44","1","713","1120","407","713","1120"
"000261504","44501","1","November","2021","37","Adults (35-64)","M","United States","California","Bikes","Road Bikes","Road-650 Red, 48","1","713","1120","407","713","1120"
"000261505","44501","1","November","2021","44","Adults (35-64)","M","United Kingdom","England","Bikes","Road Bikes","Road-550-W Yellow, 48","1","713","1120","407","713","1120"
"000261506","44501","1","November","2021","48","Adults (35-64)","M","Germany","Hessen","Bikes","Road Bikes","Road-650 Black, 60","1","713","1120","407","713","1120"
"000261507","44501","1","November","2021","56","Adults (35-64)","F","United States","Oregon","Bikes","Road Bikes","Road-250 Black, 52","1","713","1120","407","713","1120"
"000261508","44502","2","November","2021","19","Youth (<25)","M","United States","California","Bikes","Mountain Bikes","Mountain-400-W Silver, 42","4","713","1120","1628","2852","4480"
"000261509","44502","2","November","2021","41","Adults (35-64)","F","Germany","Hessen","Bikes","Mountain Bikes","Mountain-200 Silver, 46","4","713","1120","1628","2852","4480"
"000261510","44502","2","November","2021","17","Youth (<25)","M","Australia","New South Wales","Bikes","Road Bikes","Road-650 Red, 48","3","713","1120","1221","2139","3360"
"000261511","44502","2","November","2021","17","Youth (<25)","M","Australia","Victoria","Bikes","Road Bikes","Road-750 Black, 48","3","713","1120","1221","2139","3360"
"000261512","44503","3","November","2021","18","Youth (<25)","F","Australia","Queensland","Bikes","Road Bikes","Road-150 Red, 62","4","713","1120","1628","2852","4480"
"000261513","44503","3","November","2021","28","Young Adults (25-34)","M","United Kingdom","England","Bikes","Road Bikes","Road-150 Red, 62","4","713","1120","1628","2852","4480"
"000261514","44503","3","November","2021","24","Youth (<25)","F","Australia","New South Wales","Bikes","Road Bikes","Road-250 Black, 52","2","713","1120","814","1426","2240"
"000261515","44503","3","November","2021","29","Young Adults (25-34)","M","Germany","Saarland","Bikes","Road Bikes","Road-150 Red, 52","1","713","1120","407","713","1120"
"000261516","44503","3","November","2021","45","Adults (35-64)","F","Canada","British Columbia","Bikes","Mountain Bikes","Mountain-200 Silver, 38","1","713","1120","407","713","1120"
"000261517","44503","3","November","2021","47","Adults (35-64)","F","United States","Washington","Bikes","Mountain Bikes","Mountain-500 Silver, 40","1","713","1120","407","713","1120"
"000261518","44504","4","November","2021","58","Adults (35-64)","F","United States","Oregon","Bikes","Road Bikes","Road-250 Black, 52","1","713","1120","407","713","1120"
"000261519","44505","5","November","2021","25","Young Adults (25-34)","F","Australia","New South Wales","Bikes","Road Bikes","Road-250 Black, 52","3","713","1120","1221","2139","3360"
"000261520","44505","5","November","2021","24","Youth (<25)","F","Germany","Nordrhein-Westfalen","Bikes","Road Bikes","Road-550-W Yellow, 42","2","713","1120","814","1426","2240"
"000261521","44505","5","November","2021","25","Young Adults (25-34)","M","United States","California","Bikes","Road Bikes","Road-750 Black, 52","1","713","1120","407","713","1120"
"000261522","44505","5","November","2021","25","Young Adults (25-34)","M","Australia","Queensland","Bikes","Road Bikes","Road-550-W Yellow, 40","1","713","1120","407","713","1120"
"000261523","44505","5","November","2021","31","Young Adults (25-34)","F","United States","Oregon","Bikes","Road Bikes","Road-150 Red, 52","1","713","1120","407","713","1120"
"000261524","44505","5","November","2021","34","Young Adults (25-34)","F","Germany","Hessen","Bikes","Road Bikes","Road-750 Black, 48","1","713","1120","407","713","1120"
"000261525","44506","6","November","2021","24","Youth (<25)","F","France","Seine et Marne","Bikes","Road Bikes","Road-250 Red, 58","3","713","1120","1221","2139","3360"
"000261526","44506","6","November","2021","36","Adults (35-64)","F","United States","California","Bikes","Road Bikes","Road-650 Red, 62","2","713","1120","814","1426","2240"
"000261527","44506","6","November","2021","40","Adults (35-64)","F","Australia","South Australia","Bikes","Mountain Bikes","Mountain-200 Silver, 42","2","713","1120","814","1426","2240"
"000261528","44506","6","November","2021","19","Youth (<25)","F","Australia","Queensland","Bikes","Road Bikes","Road-750 Black, 52","1","713","1120","407","713","1120"
"000261529","44506","6","November","2021","24","Youth (<25)","F","Australia","Victoria","Bikes","Road Bikes","Road-550-W Yellow, 40","1","713","1120","407","713","1120"
"000261530","44506","6","November","2021","29","Young Adults (25-34)","F","France","Seine Saint Denis","Bikes","Road Bikes","Road-550-W Yellow, 48","1","713","1120","407","713","1120"
"000261531","44506","6","November","2021","29","Young Adults (25-34)","F","United Kingdom","England","Bikes","Road Bikes","Road-550-W Yellow, 38","1","713","1120","407","713","1120"
"000261532","44506","6","November","2021","35","Adults (35-64)","F","Germany","Hessen","Bikes","Road Bikes","Road-250 Black, 58","1","713","1120","407","713","1120"
"000261533","44506","6","November","2021","40","Adults (35-64)","F","Australia","New South Wales","Bikes","Road Bikes","Road-250 Black, 52","1","713","1120","407","713","1120"
"000261534","44507","7","November","2021","56","Adults (35-64)","F","United States","California","Bikes","Road Bikes","Road-550-W Yellow, 44","4","713","1120","1628","2852","4480"
"000261535","44507","7","November","2021","25","Young Adults (25-34)","F","United States","Oregon","Bikes","Road Bikes","Road-550-W Yellow, 40","3","713","1120","1221","2139","3360"
"000261536","44507","7","November","2021","50","Adults (35-64)","M","Germany","Nordrhein-Westfalen","Bikes","Road Bikes","Road-650 Red, 62","2","713","1120","814","1426","2240"
"000261537","44507","7","November","2021","18","Youth (<25)","F","Australia","Queensland","Bikes","Road Bikes","Road-150 Red, 62","1","713","1120","407","713","1120"
"000261538","44507","7","November","2021","29","Young Adults (25-34)","M","United States","California","Bikes","Mountain Bikes","Mountain-200 Black, 38","1","713","1120","407","713","1120"
"000261539","44508","8","November","2021","25","Young Adults (25-34)","M","Australia","New South Wales","Bikes","Road Bikes","Road-550-W Yellow, 44","4","713","1120","1628","2852","4480"
"000261540","44508","8","November","2021","35","Adults (35-64)","M","Canada","British Columbia","Bikes","Mountain Bikes","Mountain-500 Black, 44","2","713","1120","814","1426","2240"
"000261541","44508","8","November","2021","17","Youth (<25)","M","Australia","New South Wales","Bikes","Road Bikes","Road-650 Red, 48","1","713","1120","407","713","1120"
"000261542","44508","8","November","2021","39","Adults (35-64)","M","Australia","Victoria","Bikes","Mountain Bikes","Mountain-400-W Silver, 40","1","713","1120","407","713","1120"
"000261543","44508","8","November","2021","40","Adults (35-64)","M","Australia","New South Wales","Bikes","Road Bikes","Road-250 Red, 58","1","713","1120","407","713","1120"
"000261544","44508","8","November","2021","41","Adults (35-64)","M","United Kingdom","England","Bikes","Road Bikes","Road-250 Red, 48","1","713","1120","407","713","1120"
"000261545","44508","8","November","2021","46","Adults (35-64)","M","United States","Washington","Bikes","Mountain Bikes","Mountain-200 Black, 42","1","713","1120","407","713","1120"
"000261546","44509","9","November","2021","33","Young Adults (25-34)","F","France","Hauts de Seine","Bikes","Road Bikes","Road-550-W Yellow, 42","4","713","1120","1628","2852","4480"
"000261547","44509","9","November","2021","63","Adults (35-64)","F","United States","California","Bikes","Road Bikes","Road-250 Black, 44","4","713","1120","1628","2852","4480"
"000261548","44509","9","November","2021","25","Young Adults (25-34)","M","Australia","Victoria","Bikes","Road Bikes","Road-550-W Yellow, 38","3","713","1120","1221","2139","3360"
"000261549","44509","9","November","2021","41","Adults (35-64)","F","Germany","Hamburg","Bikes","Mountain Bikes","Mountain-200 Silver, 42","3","713","1120","1221","2139","3360"
"000261550","44510","10","November","2021","39","Adults (35-64)","F","United Kingdom","England","Bikes","Road Bikes","Road-750 Black, 48","3","713","1120","1221","2139","3360"
"000261551","44510","10","November","2021","52","Adults (35-64)","M","United Kingdom","England","Bikes","Mountain Bikes","Mountain-200 Black, 42","3","713","1120","1221","2139","3360"
"000261552","44510","10","November","2021","20","Youth (<25)","M","Australia","Victoria","Bikes","Road Bikes","Road-750 Black, 44","1","713","1120","407","713","1120"
"000261553","44510","10","November","2021","21","Youth (<25)","M","Australia","New South Wales","Bikes","Road Bikes","Road-250 Black, 58","1","713","1120","407","713","1120"
"000261554","44510","10","November","2021","25","Young Adults (25-34)","F","Germany","Hamburg","Bikes","Road Bikes","Road-250 Black, 58","1","713","1120","407","713","1120"
"000261555","44510","10","November","2021","34","Young Adults (25-34)","M","Germany","Nordrhein-Westfalen","Bikes","Mountain Bikes","Mountain-400-W Silver, 42","1","713","1120","407","713","1120"
"000261556","44510","10","November","2021","50","Adults (35-64)","F","United States","Washington","Bikes","Mountain Bikes","Mountain-200 Black, 46","1","713","1120","407","713","1120"
"000261557","44511","11","November","2021","17","Youth (<25)","M","Australia","Queensland","Bikes","Road Bikes","Road-650 Red, 58","4","713","1120","1628","2852","4480"
"000261558","44511","11","November","2021","34","Young Adults (25-34)","F","Germany","Hamburg","Bikes","Road Bikes","Road-350-W Yellow, 40","4","713","1120","1628","2852","4480"
"000261559","44511","11","November","2021","18","Youth (<25)","M","Australia","Victoria","Bikes","Road Bikes","Road-750 Black, 52","3","713","1120","1221","2139","3360"
"000261560","44511","11","November","2021","22","Youth (<25)","M","Australia","New South Wales","Bikes","Road Bikes","Road-150 Red, 48","3","713","1120","1221","2139","3360"
"000261561","44511","11","November","2021","30","Young Adults (25-34)","F","United States","California","Bikes","Mountain Bikes","Mountain-500 Black, 48","3","713","1120","1221","2139","3360"
"000261562","44511","11","November","2021","39","Adults (35-64)","M","France","Seine (Paris)","Bikes","Road Bikes","Road-550-W Yellow, 40","3","713","1120","1221","2139","3360"
"000261563","44511","11","November","2021","22","Youth (<25)","F","United States","California","Bikes","Mountain Bikes","Mountain-200 Silver, 46","2","713","1120","814","1426","2240"
"000261564","44511","11","November","2021","18","Youth (<25)","F","Australia","New South Wales","Bikes","Road Bikes","Road-750 Black, 58","1","713","1120","407","713","1120"
"000261565","44511","11","November","2021","22","Youth (<25)","F","Germany","Saarland","Bikes","Mountain Bikes","Mountain-200 Black, 38","1","713","1120","407","713","1120"
"000261566","44511","11","November","2021","24","Youth (<25)","F","Australia","Queensland","Bikes","Road Bikes","Road-550-W Yellow, 42","1","713","1120","407","713","1120"
"000261567","44511","11","November","2021","39","Adults (35-64)","M","United Kingdom","England","Bikes","Road Bikes","Road-150 Red, 44","1","713","1120","407","713","1120"
"000261568","44512","12","November","2021","24","Youth (<25)","F","Australia","New South Wales","Bikes","Road Bikes","Road-250 Black, 52","4","713","1120","1628","2852","4480"
"000261569","44512","12","November","2021","24","Youth (<25)","F","Australia","Queensland","Bikes","Road Bikes","Road-550-W Yellow, 42","4","713","1120","1628","2852","4480"
"000261570","44512","12","November","2021","22","Youth (<25)","M","France","Nord","Bikes","Road Bikes","Road-350-W Yellow, 48","2","713","1120","814","1426","2240"
"000261571","44512","12","November","2021","31","Young Adults (25-34)","M","United Kingdom","England","Bikes","Road Bikes","Road-350-W Yellow, 40","1","713","1120","407","713","1120"
"000261572","44512","12","November","2021","39","Adults (35-64)","F","United Kingdom","England","Bikes","Road Bikes","Road-750 Black, 48","1","713","1120","407","713","1120"
"000261573","44512","12","November","2021","44","Adults (35-64)","F","United States","Oregon","Bikes","Road Bikes","Road-750 Black, 44","1","713","1120","407","713","1120"
"000261574","44513","13","November","2021","28","Young Adults (25-34)","M","Australia","Tasmania","Bikes","Road Bikes","Road-250 Black, 52","4","713","1120","1628","2852","4480"
"000261575","44513","13","November","2021","24","Youth (<25)","M","Germany","Hessen","Bikes","Road Bikes","Road-550-W Yellow, 42","1","713","1120","407","713","1120"
"000261576","44513","13","November","2021","29","Young Adults (25-34)","F","United States","California","Bikes","Mountain Bikes","Mountain-200 Silver, 42","1","713","1120","407","713","1120"
"000261577","44513","13","November","2021","60","Adults (35-64)","M","United States","California","Bikes","Road Bikes","Road-150 Red, 48","1","713","1120","407","713","1120"
"000261578","44514","14","November","2021","19","Youth (<25)","F","Germany","Nordrhein-Westfalen","Bikes","Road Bikes","Road-250 Black, 58","3","713","1120","1221","2139","3360"
"000261579","44514","14","November","2021","23","Youth (<25)","F","United States","Washington","Bikes","Road Bikes","Road-150 Red, 48","3","713","1120","1221","2139","3360"
"000261580","44514","14","November","2021","22","Youth (<25)","F","Germany","Nordrhein-Westfalen","Bikes","Mountain Bikes","Mountain-200 Black, 38","2","713","1120","814","1426","2240"
"000261581","44514","14","November","2021","56","Adults (35-64)","M","United States","Washington","Bikes","Road Bikes","Road-250 Red, 52","1","713","1120","407","713","1120"
"000261582","44514","14","November","2021","56","Adults (35-64)","M","United States","Washington","Bikes","Road Bikes","Road-250 Red, 52","1","713","1120","407","713","1120"
"000261583","44515","15","November","2021","19","Youth (<25)","F","United States","California","Bikes","Mountain Bikes","Mountain-200 Black, 46","1","713","1120","407","713","1120"
"000261584","44515","15","November","2021","34","Young Adults (25-34)","F","United States","California","Bikes","Road Bikes","Road-250 Black, 52","1","713","1120","407","713","1120"
"000261585","44515","15","November","2021","40","Adults (35-64)","M","United Kingdom","England","Bikes","Road Bikes","Road-750 Black, 44","1","713","1120","407","713","1120"
"000261586","44516","16","November","2021","25","Young Adults (25-34)","M","Australia","Queensland","Bikes","Road Bikes","Road-550-W Yellow, 40","3","713","1120","1221","2139","3360"
"000261587","44516","16","November","2021","40","Adults (35-64)","F","Germany","Hamburg","Bikes","Mountain Bikes","Mountain-200 Black, 38","3","713","1120","1221","2139","3360"
"000261588","44516","16","November","2021","20","Youth (<25)","F","Germany","Saarland","Bikes","Road Bikes","Road-350-W Yellow, 48","2","713","1120","814","1426","2240"
"000261589","44516","16","November","2021","20","Youth (<25)","M","Australia","Queensland","Bikes","Road Bikes","Road-750 Black, 44","1","713","1120","407","713","1120"
"000261590","44516","16","November","2021","23","Youth (<25)","M","United States","Oregon","Bikes","Road Bikes","Road-350-W Yellow, 42","1","713","1120","407","713","1120"
"000261591","44516","16","November","2021","25","Young Adults (25-34)","M","France","Seine (Paris)","Bikes","Road Bikes","Road-550-W Yellow, 44","1","713","1120","407","713","1120"
"000261592","44516","16","November","2021","33","Young Adults (25-34)","F","United States","California","Bikes","Mountain Bikes","Mountain-200 Black, 42","1","713","1120","407","713","1120"
"000261593","44516","16","November","2021","41","Adults (35-64)","M","United Kingdom","England","Bikes","Road Bikes","Road-250 Red, 48","1","713","1120","407","713","1120"
"000261594","44517","17","November","2021","26","Young Adults (25-34)","F","Australia","Queensland","Bikes","Road Bikes","Road-750 Black, 52","2","713","1120","814","1426","2240"
"000261595","44517","17","November","2021","28","Young Adults (25-34)","M","United Kingdom","England","Bikes","Road Bikes","Road-150 Red, 62","2","713","1120","814","1426","2240"
"000261596","44517","17","November","2021","21","Youth (<25)","F","Australia","New South Wales","Bikes","Road Bikes","Road-250 Black, 58","1","713","1120","407","713","1120"
"000261597","44517","17","November","2021","28","Young Adults (25-34)","M","United Kingdom","England","Bikes","Mountain Bikes","Mountain-200 Black, 38","1","713","1120","407","713","1120"
"000261598","44517","17","November","2021","34","Young Adults (25-34)","F","Germany","Hessen","Bikes","Road Bikes","Road-750 Black, 48","1","713","1120","407","713","1120"
"000261599","44517","17","November","2021","41","Adults (35-64)","M","United States","Washington","Bikes","Road Bikes","Road-150 Red, 48","1","713","1120","407","713","1120"
"000261600","44518","18","November","2021","17","Youth (<25)","M","Australia","New South Wales","Bikes","Road Bikes","Road-650 Red, 48","2","713","1120","814","1426","2240"
"000261601","44518","18","November","2021","17","Youth (<25)","M","Australia","Queensland","Bikes","Road Bikes","Road-650 Red, 58","1","713","1120","407","713","1120"
"000261602","44518","18","November","2021","22","Youth (<25)","M","Australia","Victoria","Bikes","Road Bikes","Road-650 Black, 44","1","713","1120","407","713","1120"
"000261603","44518","18","November","2021","23","Youth (<25)","F","United States","California","Bikes","Road Bikes","Road-550-W Yellow, 42","1","713","1120","407","713","1120"
"000261604","44518","18","November","2021","25","Young Adults (25-34)","M","Australia","Victoria","Bikes","Road Bikes","Road-550-W Yellow, 38","1","713","1120","407","713","1120"
"000261605","44518","18","November","2021","27","Young Adults (25-34)","M","France","Seine (Paris)","Bikes","Road Bikes","Road-550-W Yellow, 38","1","713","1120","407","713","1120"
"000261606","44518","18","November","2021","49","Adults (35-64)","F","United States","California","Bikes","Mountain Bikes","Mountain-200 Black, 46","1","713","1120","407","713","1120"
"000261607","44519","19","November","2021","33","Young Adults (25-34)","M","United States","California","Bikes","Mountain Bikes","Mountain-200 Silver, 42","4","713","1120","1628","2852","4480"
"000261608","44519","19","November","2021","30","Young Adults (25-34)","M","United States","Washington","Bikes","Mountain Bikes","Mountain-200 Silver, 38","2","713","1120","814","1426","2240"
"000261609","44519","19","November","2021","44","Adults (35-64)","F","Germany","Hessen","Bikes","Road Bikes","Road-650 Red, 60","1","713","1120","407","713","1120"
"000261610","44519","19","November","2021","45","Adults (35-64)","M","United Kingdom","England","Bikes","Road Bikes","Road-650 Black, 60","1","713","1120","407","713","1120"
"000261611","44520","20","November","2021","40","Adults (35-64)","F","Germany","Bayern","Bikes","Mountain Bikes","Mountain-200 Silver, 42","4","713","1120","1628","2852","4480"
"000261612","44520","20","November","2021","40","Adults (35-64)","F","Australia","Queensland","Bikes","Road Bikes","Road-350-W Yellow, 40","4","713","1120","1628","2852","4480"
"000261613","44520","20","November","2021","41","Adults (35-64)","M","United States","Washington","Bikes","Road Bikes","Road-150 Red, 48","3","713","1120","1221","2139","3360"
"000261614","44520","20","November","2021","48","Adults (35-64)","M","United States","Washington","Bikes","Mountain Bikes","Mountain-200 Silver, 46","3","713","1120","1221","2139","3360"
"000261615","44520","20","November","2021","38","Adults (35-64)","F","Australia","Queensland","Bikes","Mountain Bikes","Mountain-200 Black, 38","2","713","1120","814","1426","2240"
"000261616","44520","20","November","2021","18","Youth (<25)","F","Australia","New South Wales","Bikes","Road Bikes","Road-750 Black, 58","1","713","1120","407","713","1120"
"000261617","44520","20","November","2021","27","Young Adults (25-34)","M","Australia","Queensland","Bikes","Road Bikes","Road-250 Black, 44","1","713","1120","407","713","1120"
"000261618","44520","20","November","2021","29","Young Adults (25-34)","M","United States","California","Bikes","Mountain Bikes","Mountain-200 Black, 38","1","713","1120","407","713","1120"
"000261619","44520","20","November","2021","39","Adults (35-64)","F","Germany","Saarland","Bikes","Mountain Bikes","Mountain-200 Silver, 38","1","713","1120","407","713","1120"
"000261620","44521","21","November","2021","32","Young Adults (25-34)","F","Germany","Saarland","Bikes","Road Bikes","Road-150 Red, 56","4","713","1120","1628","2852","4480"
"000261621","44521","21","November","2021","35","Adults (35-64)","M","United States","Washington","Bikes","Road Bikes","Road-150 Red, 44","4","713","1120","1628","2852","4480"
"000261622","44521","21","November","2021","25","Young Adults (25-34)","M","Germany","Hessen","Bikes","Road Bikes","Road-350-W Yellow, 40","2","713","1120","814","1426","2240"
"000261623","44521","21","November","2021","29","Young Adults (25-34)","M","United Kingdom","England","Bikes","Mountain Bikes","Mountain-200 Black, 38","2","713","1120","814","1426","2240"
"000261624","44521","21","November","2021","52","Adults (35-64)","F","Canada","British Columbia","Bikes","Road Bikes","Road-550-W Yellow, 44","2","713","1120","814","1426","2240"
"000261625","44521","21","November","2021","53","Adults (35-64)","M","United Kingdom","England","Bikes","Mountain Bikes","Mountain-200 Silver, 46","2","713","1120","814","1426","2240"
"000261626","44521","21","November","2021","25","Young Adults (25-34)","F","France","Essonne","Bikes","Road Bikes","Road-350-W Yellow, 44","1","713","1120","407","713","1120"
"000261627","44522","22","November","2021","45","Adults (35-64)","M","United Kingdom","England","Bikes","Road Bikes","Road-650 Black, 60","2","713","1120","814","1426","2240"
"000261628","44522","22","November","2021","48","Adults (35-64)","M","United States","California","Bikes","Mountain Bikes","Mountain-200 Black, 46","2","713","1120","814","1426","2240"
"000261629","44522","22","November","2021","18","Youth (<25)","F","Australia","Queensland","Bikes","Road Bikes","Road-150 Red, 62","1","713","1120","407","713","1120"
"000261630","44522","22","November","2021","32","Young Adults (25-34)","F","United States","California","Bikes","Road Bikes","Road-650 Red, 62","1","713","1120","407","713","1120"
"000261631","44523","23","November","2021","27","Young Adults (25-34)","F","Australia","New South Wales","Bikes","Road Bikes","Road-550-W Yellow, 48","4","713","1120","1628","2852","4480"
"000261632","44523","23","November","2021","30","Young Adults (25-34)","F","United States","California","Bikes","Road Bikes","Road-650 Black, 58","4","713","1120","1628","2852","4480"
"000261633","44523","23","November","2021","17","Youth (<25)","M","Australia","New South Wales","Bikes","Road Bikes","Road-650 Red, 48","1","713","1120","407","713","1120"
"000261634","44523","23","November","2021","24","Youth (<25)","F","United States","Washington","Bikes","Mountain Bikes","Mountain-200 Black, 46","1","713","1120","407","713","1120"
"000261635","44523","23","November","2021","29","Young Adults (25-34)","F","United States","Washington","Bikes","Road Bikes","Road-250 Red, 48","1","713","1120","407","713","1120"
"000261636","44524","24","November","2021","22","Youth (<25)","M","Australia","Victoria","Bikes","Road Bikes","Road-650 Black, 44","3","713","1120","1221","2139","3360"
"000261637","44524","24","November","2021","34","Young Adults (25-34)","F","France","Nord","Bikes","Road Bikes","Road-150 Red, 62","3","713","1120","1221","2139","3360"
"000261638","44524","24","November","2021","28","Young Adults (25-34)","F","United States","Oregon","Bikes","Mountain Bikes","Mountain-200 Silver, 38","2","713","1120","814","1426","2240"
"000261639","44524","24","November","2021","37","Adults (35-64)","F","United States","Washington","Bikes","Road Bikes","Road-350-W Yellow, 44","2","713","1120","814","1426","2240"
"000261640","44524","24","November","2021","23","Youth (<25)","M","United States","California","Bikes","Mountain Bikes","Mountain-200 Silver, 38","1","713","1120","407","713","1120"
"000261641","44524","24","November","2021","23","Youth (<25)","M","Australia","New South Wales","Bikes","Road Bikes","Road-250 Black, 58","1","713","1120","407","713","1120"
"000261642","44524","24","November","2021","33","Young Adults (25-34)","F","United States","Oregon","Bikes","Road Bikes","Road-550-W Yellow, 38","1","713","1120","407","713","1120"
"000261643","44524","24","November","2021","39","Adults (35-64)","F","Australia","Victoria","Bikes","Road Bikes","Road-150 Red, 56","1","713","1120","407","713","1120"
"000261644","44524","24","November","2021","46","Adults (35-64)","F","United Kingdom","England","Bikes","Road Bikes","Road-250 Black, 58","1","713","1120","407","713","1120"
"000261645","44524","24","November","2021","48","Adults (35-64)","M","United States","California","Bikes","Mountain Bikes","Mountain-200 Black, 46","1","713","1120","407","713","1120"
"000261646","44525","25","November","2021","27","Young Adults (25-34)","M","Australia","Queensland","Bikes","Road Bikes","Road-250 Black, 44","3","713","1120","1221","2139","3360"
"000261647","44525","25","November","2021","28","Young Adults (25-34)","F","United Kingdom","England","Bikes","Road Bikes","Road-750 Black, 48","3","713","1120","1221","2139","3360"
"000261648","44525","25","November","2021","29","Young Adults (25-34)","F","United States","California","Bikes","Mountain Bikes","Mountain-200 Silver, 42","3","713","1120","1221","2139","3360"
"000261649","44525","25","November","2021","19","Youth (<25)","F","Australia","New South Wales","Bikes","Road Bikes","Road-150 Red, 48","2","713","1120","814","1426","2240"
"000261650","44525","25","November","2021","22","Youth (<25)","M","United States","California","Bikes","Road Bikes","Road-250 Red, 44","1","713","1120","407","713","1120"
"000261651","44525","25","November","2021","29","Young Adults (25-34)","F","France","Nord","Bikes","Road Bikes","Road-650 Black, 58","1","713","1120","407","713","1120"
"000261652","44525","25","November","2021","42","Adults (35-64)","M","United Kingdom","England","Bikes","Road Bikes","Road-650 Red, 58","1","713","1120","407","713","1120"
"000261653","44525","25","November","2021","46","Adults (35-64)","F","United States","Washington","Bikes","Mountain Bikes","Mountain-200 Silver, 46","1","713","1120","407","713","1120"
"000261654","44526","26","November","2021","27","Young Adults (25-34)","F","United Kingdom","England","Bikes","Road Bikes","Road-350-W Yellow, 48","3","713","1120","1221","2139","3360"
"000261655","44526","26","November","2021","29","Young Adults (25-34)","M","Germany","Saarland","Bikes","Road Bikes","Road-150 Red, 52","2","713","1120","814","1426","2240"
"000261656","44526","26","November","2021","17","Youth (<25)","F","Australia","New South Wales","Bikes","Road Bikes","Road-650 Red, 58","1","713","1120","407","713","1120"
"000261657","44526","26","November","2021","36","Adults (35-64)","M","Germany","Hessen","Bikes","Mountain Bikes","Mountain-200 Black, 38","1","713","1120","407","713","1120"
"000261658","44526","26","November","2021","41","Adults (35-64)","F","Germany","Nordrhein-Westfalen","Bikes","Mountain Bikes","Mountain-200 Silver, 46","1","713","1120","407","713","1120"
"000261659","44526","26","November","2021","61","Adults (35-64)","F","United States","California","Bikes","Road Bikes","Road-150 Red, 52","1","713","1120","407","713","1120"
"000261660","44527","27","November","2021","28","Young Adults (25-34)","F","United Kingdom","England","Bikes","Road Bikes","Road-750 Black, 48","4","713","1120","1628","2852","4480"
"000261661","44527","27","November","2021","26","Young Adults (25-34)","M","France","Seine Saint Denis","Bikes","Road Bikes","Road-350-W Yellow, 40","3","713","1120","1221","2139","3360"
"000261662","44527","27","November","2021","27","Young Adults (25-34)","M","Canada","British Columbia","Bikes","Road Bikes","Road-650 Red, 44","3","713","1120","1221","2139","3360"
"000261663","44527","27","November","2021","39","Adults (35-64)","F","France","Nord","Bikes","Road Bikes","Road-350-W Yellow, 40","3","713","1120","1221","2139","3360"
"000261664","44527","27","November","2021","56","Adults (35-64)","F","United States","Washington","Bikes","Road Bikes","Road-750 Black, 52","3","713","1120","1221","2139","3360"
"000261665","44527","27","November","2021","24","Youth (<25)","F","Australia","Victoria","Bikes","Road Bikes","Road-550-W Yellow, 40","2","713","1120","814","1426","2240"
"000261666","44527","27","November","2021","27","Young Adults (25-34)","M","Canada","British Columbia","Bikes","Road Bikes","Road-650 Red, 44","2","713","1120","814","1426","2240"
"000261667","44527","27","November","2021","29","Young Adults (25-34)","M","France","Seine Saint Denis","Bikes","Road Bikes","Road-250 Red, 58","2","713","1120","814","1426","2240"
"000261668","44527","27","November","2021","49","Adults (35-64)","F","Canada","British Columbia","Bikes","Road Bikes","Road-250 Red, 48","2","713","1120","814","1426","2240"
"000261669","44527","27","November","2021","24","Youth (<25)","F","Australia","Queensland","Bikes","Road Bikes","Road-550-W Yellow, 42","1","713","1120","407","713","1120"
"000261670","44527","27","November","2021","25","Young Adults (25-34)","M","Australia","New South Wales","Bikes","Road Bikes","Road-550-W Yellow, 44","1","713","1120","407","713","1120"
"000261671","44527","27","November","2021","27","Young Adults (25-34)","M","Canada","British Columbia","Bikes","Road Bikes","Road-650 Red, 44","1","713","1120","407","713","1120"
"000261672","44527","27","November","2021","29","Young Adults (25-34)","F","United States","Washington","Bikes","Road Bikes","Road-250 Red, 48","1","713","1120","407","713","1120"
"000261673","44527","27","November","2021","38","Adults (35-64)","M","France","Seine (Paris)","Bikes","Road Bikes","Road-350-W Yellow, 42","1","713","1120","407","713","1120"
"000261674","44528","28","November","2021","20","Youth (<25)","M","Australia","New South Wales","Bikes","Road Bikes","Road-750 Black, 52","3","713","1120","1221","2139","3360"
"000261675","44528","28","November","2021","40","Adults (35-64)","F","Australia","Queensland","Bikes","Mountain Bikes","Mountain-200 Black, 38","2","713","1120","814","1426","2240"
"000261676","44528","28","November","2021","59","Adults (35-64)","F","United Kingdom","England","Bikes","Road Bikes","Road-250 Red, 48","2","713","1120","814","1426","2240"
"000261677","44528","28","November","2021","27","Young Adults (25-34)","F","Canada","British Columbia","Bikes","Road Bikes","Road-550-W Yellow, 48","1","713","1120","407","713","1120"
"000261678","44528","28","November","2021","28","Young Adults (25-34)","F","United Kingdom","England","Bikes","Road Bikes","Road-750 Black, 48","1","713","1120","407","713","1120"
"000261679","44528","28","November","2021","31","Young Adults (25-34)","M","United States","Washington","Bikes","Road Bikes","Road-650 Black, 48","1","713","1120","407","713","1120"
"000261680","44529","29","November","2021","17","Youth (<25)","F","Australia","Tasmania","Bikes","Road Bikes","Road-750 Black, 48","4","713","1120","1628","2852","4480"
"000261681","44529","29","November","2021","21","Youth (<25)","M","Australia","South Australia","Bikes","Road Bikes","Road-250 Black, 52","4","713","1120","1628","2852","4480"
"000261682","44529","29","November","2021","24","Youth (<25)","F","Australia","Tasmania","Bikes","Road Bikes","Road-550-W Yellow, 48","3","713","1120","1221","2139","3360"
"000261683","44529","29","November","2021","17","Youth (<25)","M","France","Nord","Bikes","Mountain Bikes","Mountain-200 Silver, 46","1","713","1120","407","713","1120"
"000261684","44529","29","November","2021","29","Young Adults (25-34)","M","France","Seine (Paris)","Bikes","Road Bikes","Road-650 Black, 60","1","713","1120","407","713","1120"
"000261685","44529","29","November","2021","44","Adults (35-64)","M","United Kingdom","England","Bikes","Road Bikes","Road-550-W Yellow, 48","1","713","1120","407","713","1120"
"000261686","44530","30","November","2021","29","Young Adults (25-34)","F","United States","California","Bikes","Mountain Bikes","Mountain-200 Silver, 42","4","713","1120","1628","2852","4480"
"000261687","44530","30","November","2021","60","Adults (35-64)","F","United States","California","Bikes","Road Bikes","Road-550-W Yellow, 44","4","713","1120","1628","2852","4480"
"000261688","44530","30","November","2021","17","Youth (<25)","M","Australia","New South Wales","Bikes","Road Bikes","Road-650 Red, 48","3","713","1120","1221","2139","3360"
"000261689","44530","30","November","2021","18","Youth (<25)","M","Germany","Bayern","Bikes","Road Bikes","Road-250 Red, 58","2","713","1120","814","1426","2240"
"000261690","44530","30","November","2021","30","Young Adults (25-34)","M","United States","Washington","Bikes","Road Bikes","Road-650 Red, 58","2","713","1120","814","1426","2240"
"000261691","44530","30","November","2021","36","Adults (35-64)","F","United States","California","Bikes","Road Bikes","Road-650 Red, 62","1","713","1120","407","713","1120"
"000261692","44530","30","November","2021","41","Adults (35-64)","M","United States","Washington","Bikes","Road Bikes","Road-150 Red, 48","1","713","1120","407","713","1120"
"000261693","44530","30","November","2021","46","Adults (35-64)","M","United Kingdom","England","Bikes","Mountain Bikes","Mountain-200 Silver, 46","1","713","1120","407","713","1120"
"000261694","44530","30","November","2021","57","Adults (35-64)","M","United States","California","Bikes","Road Bikes","Road-250 Red, 58","1","713","1120","407","713","1120"
"000261695","44531","1","December","2021","39","Adults (35-64)","F","United States","California","Bikes","Mountain Bikes","Mountain-200 Black, 46","4","713","1120","1628","2852","4480"
"000261696","44531","1","December","2021","42","Adults (35-64)","M","United States","Washington","Bikes","Road Bikes","Road-750 Black, 44","3","713","1120","1221","2139","3360"
"000261697","44531","1","December","2021","36","Adults (35-64)","F","Germany","Brandenburg","Bikes","Road Bikes","Road-550-W Yellow, 42","2","713","1120","814","1426","2240"
"000261698","44531","1","December","2021","20","Youth (<25)","M","Germany","Hamburg","Bikes","Road Bikes","Road-250 Red, 58","1","713","1120","407","713","1120"
"000261699","44531","1","December","2021","23","Youth (<25)","M","United Kingdom","England","Bikes","Road Bikes","Road-150 Red, 52","1","713","1120","407","713","1120"
"000261700","44531","1","December","2021","23","Youth (<25)","F","United States","California","Bikes","Road Bikes","Road-550-W Yellow, 42","1","713","1120","407","713","1120"
"000261701","44531","1","December","2021","28","Young Adults (25-34)","F","Australia","New South Wales","Bikes","Road Bikes","Road-250 Black, 52","1","713","1120","407","713","1120"
"000261702","44531","1","December","2021","28","Young Adults (25-34)","F","United States","California","Bikes","Road Bikes","Road-750 Black, 44","1","713","1120","407","713","1120"
"000261703","44531","1","December","2021","31","Young Adults (25-34)","F","Australia","South Australia","Bikes","Road Bikes","Road-250 Black, 48","1","713","1120","407","713","1120"
"000261704","44531","1","December","2021","34","Young Adults (25-34)","M","Australia","New South Wales","Bikes","Road Bikes","Road-350-W Yellow, 48","1","713","1120","407","713","1120"
"000261705","44531","1","December","2021","44","Adults (35-64)","M","United Kingdom","England","Bikes","Mountain Bikes","Mountain-200 Silver, 42","1","713","1120","407","713","1120"
"000261706","44532","2","December","2021","39","Adults (35-64)","F","United Kingdom","England","Bikes","Road Bikes","Road-750 Black, 48","4","713","1120","1628","2852","4480"
"000261707","44532","2","December","2021","44","Adults (35-64)","M","United States","Washington","Bikes","Road Bikes","Road-250 Red, 52","4","713","1120","1628","2852","4480"
"000261708","44532","2","December","2021","41","Adults (35-64)","M","Australia","New South Wales","Bikes","Road Bikes","Road-750 Black, 48","3","713","1120","1221","2139","3360"
"000261709","44532","2","December","2021","29","Young Adults (25-34)","F","France","Seine (Paris)","Bikes","Road Bikes","Road-550-W Yellow, 42","2","713","1120","814","1426","2240"
"000261710","44532","2","December","2021","35","Adults (35-64)","M","Australia","New South Wales","Bikes","Road Bikes","Road-350-W Yellow, 42","2","713","1120","814","1426","2240"
"000261711","44532","2","December","2021","37","Adults (35-64)","M","United States","California","Bikes","Mountain Bikes","Mountain-400-W Silver, 46","2","713","1120","814","1426","2240"
"000261712","44532","2","December","2021","28","Young Adults (25-34)","F","United States","Washington","Bikes","Road Bikes","Road-550-W Yellow, 44","1","713","1120","407","713","1120"
"000261713","44532","2","December","2021","31","Young Adults (25-34)","F","Australia","New South Wales","Bikes","Mountain Bikes","Mountain-400-W Silver, 42","1","713","1120","407","713","1120"
"000261714","44532","2","December","2021","31","Young Adults (25-34)","F","United States","California","Bikes","Road Bikes","Road-650 Black, 62","1","713","1120","407","713","1120"
"000261715","44533","3","December","2021","31","Young Adults (25-34)","F","United States","California","Bikes","Road Bikes","Road-650 Black, 62","4","713","1120","1628","2852","4480"
"000261716","44533","3","December","2021","41","Adults (35-64)","F","United States","Washington","Bikes","Road Bikes","Road-250 Black, 52","4","713","1120","1628","2852","4480"
"000261717","44533","3","December","2021","47","Adults (35-64)","M","Australia","New South Wales","Bikes","Road Bikes","Road-750 Black, 58","4","713","1120","1628","2852","4480"
"000261718","44533","3","December","2021","59","Adults (35-64)","F","United Kingdom","England","Bikes","Road Bikes","Road-250 Red, 48","4","713","1120","1628","2852","4480"
"000261719","44533","3","December","2021","28","Young Adults (25-34)","M","France","Essonne","Bikes","Road Bikes","Road-350-W Yellow, 44","3","713","1120","1221","2139","3360"
"000261720","44533","3","December","2021","34","Young Adults (25-34)","F","France","Seine (Paris)","Bikes","Road Bikes","Road-150 Red, 62","3","713","1120","1221","2139","3360"
"000261721","44533","3","December","2021","24","Youth (<25)","M","Germany","Hamburg","Bikes","Road Bikes","Road-250 Black, 44","2","713","1120","814","1426","2240"
"000261722","44533","3","December","2021","34","Young Adults (25-34)","F","Australia","Tasmania","Bikes","Road Bikes","Road-550-W Yellow, 40","2","713","1120","814","1426","2240"
"000261723","44533","3","December","2021","37","Adults (35-64)","F","United States","California","Bikes","Mountain Bikes","Mountain-200 Black, 46","2","713","1120","814","1426","2240"
"000261724","44533","3","December","2021","24","Youth (<25)","F","United Kingdom","England","Bikes","Mountain Bikes","Mountain-200 Black, 38","1","713","1120","407","713","1120"
"000261725","44533","3","December","2021","28","Young Adults (25-34)","F","Australia","New South Wales","Bikes","Road Bikes","Road-250 Black, 52","1","713","1120","407","713","1120"
"000261726","44533","3","December","2021","28","Young Adults (25-34)","M","France","Seine (Paris)","Bikes","Road Bikes","Road-550-W Yellow, 44","1","713","1120","407","713","1120"
"000261727","44533","3","December","2021","34","Young Adults (25-34)","F","United Kingdom","England","Bikes","Road Bikes","Road-350-W Yellow, 42","1","713","1120","407","713","1120"
"000261728","44533","3","December","2021","37","Adults (35-64)","M","United States","Washington","Bikes","Mountain Bikes","Mountain-200 Black, 46","1","713","1120","407","713","1120"
"000261729","44533","3","December","2021","45","Adults (35-64)","F","Australia","New South Wales","Bikes","Road Bikes","Road-550-W Yellow, 40","1","713","1120","407","713","1120"
"000261730","44533","3","December","2021","54","Adults (35-64)","M","United States","California","Bikes","Road Bikes","Road-550-W Yellow, 44","1","713","1120","407","713","1120"
"000261731","44534","4","December","2021","31","Young Adults (25-34)","F","Australia","New South Wales","Bikes","Mountain Bikes","Mountain-400-W Silver, 42","4","713","1120","1628","2852","4480"
"000261732","44534","4","December","2021","22","Youth (<25)","F","United States","Oregon","Bikes","Road Bikes","Road-250 Black, 44","1","713","1120","407","713","1120"
"000261733","44534","4","December","2021","27","Young Adults (25-34)","M","United States","California","Bikes","Road Bikes","Road-550-W Yellow, 42","1","713","1120","407","713","1120"
"000261734","44535","5","December","2021","39","Adults (35-64)","F","United States","California","Bikes","Mountain Bikes","Mountain-200 Black, 46","4","713","1120","1628","2852","4480"
"000261735","44535","5","December","2021","42","Adults (35-64)","M","Germany","Nordrhein-Westfalen","Bikes","Mountain Bikes","Mountain-200 Black, 38","4","713","1120","1628","2852","4480"
"000261736","44535","5","December","2021","60","Adults (35-64)","M","United States","California","Bikes","Road Bikes","Road-150 Red, 48","4","713","1120","1628","2852","4480"
"000261737","44535","5","December","2021","27","Young Adults (25-34)","M","France","Yveline","Bikes","Road Bikes","Road-150 Red, 44","3","713","1120","1221","2139","3360"
"000261738","44535","5","December","2021","29","Young Adults (25-34)","M","Australia","New South Wales","Bikes","Road Bikes","Road-750 Black, 44","2","713","1120","814","1426","2240"
"000261739","44535","5","December","2021","48","Adults (35-64)","M","Canada","British Columbia","Bikes","Road Bikes","Road-750 Black, 48","2","713","1120","814","1426","2240"
"000261740","44535","5","December","2021","28","Young Adults (25-34)","F","United States","California","Bikes","Road Bikes","Road-750 Black, 44","1","713","1120","407","713","1120"
"000261741","44535","5","December","2021","28","Young Adults (25-34)","F","Canada","British Columbia","Bikes","Road Bikes","Road-250 Red, 48","1","713","1120","407","713","1120"
"000261742","44535","5","December","2021","29","Young Adults (25-34)","M","France","Hauts de Seine","Bikes","Road Bikes","Road-150 Red, 62","1","713","1120","407","713","1120"
"000261743","44535","5","December","2021","35","Adults (35-64)","F","Australia","Queensland","Bikes","Mountain Bikes","Mountain-200 Silver, 38","1","713","1120","407","713","1120"
"000261744","44535","5","December","2021","37","Adults (35-64)","F","United States","California","Bikes","Mountain Bikes","Mountain-200 Black, 46","1","713","1120","407","713","1120"
"000261745","44535","5","December","2021","41","Adults (35-64)","M","United States","Washington","Bikes","Road Bikes","Road-150 Red, 48","1","713","1120","407","713","1120"
"000261746","44535","5","December","2021","57","Adults (35-64)","M","Australia","New South Wales","Bikes","Road Bikes","Road-150 Red, 52","1","713","1120","407","713","1120"
"000261747","44536","6","December","2021","23","Youth (<25)","M","United Kingdom","England","Bikes","Mountain Bikes","Mountain-400-W Silver, 46","3","713","1120","1221","2139","3360"
"000261748","44536","6","December","2021","23","Youth (<25)","M","France","Seine Saint Denis","Bikes","Road Bikes","Road-150 Red, 56","2","713","1120","814","1426","2240"
"000261749","44536","6","December","2021","26","Young Adults (25-34)","F","France","Nord","Bikes","Road Bikes","Road-350-W Yellow, 40","1","713","1120","407","713","1120"
"000261750","44536","6","December","2021","27","Young Adults (25-34)","M","Canada","British Columbia","Bikes","Mountain Bikes","Mountain-200 Black, 46","1","713","1120","407","713","1120"
"000261751","44536","6","December","2021","36","Adults (35-64)","M","Australia","New South Wales","Bikes","Mountain Bikes","Mountain-200 Black, 42","1","713","1120","407","713","1120"
"000261752","44536","6","December","2021","47","Adults (35-64)","M","United Kingdom","England","Bikes","Mountain Bikes","Mountain-200 Silver, 38","1","713","1120","407","713","1120"
"000261753","44537","7","December","2021","26","Young Adults (25-34)","M","Australia","Queensland","Bikes","Road Bikes","Road-550-W Yellow, 42","4","713","1120","1628","2852","4480"
"000261754","44537","7","December","2021","30","Young Adults (25-34)","M","United States","California","Bikes","Mountain Bikes","Mountain-400-W Silver, 38","4","713","1120","1628","2852","4480"
"000261755","44537","7","December","2021","36","Adults (35-64)","F","Germany","Nordrhein-Westfalen","Bikes","Road Bikes","Road-150 Red, 62","4","713","1120","1628","2852","4480"
"000261756","44537","7","December","2021","37","Adults (35-64)","F","Australia","South Australia","Bikes","Road Bikes","Road-350-W Yellow, 40","4","713","1120","1628","2852","4480"
"000261757","44537","7","December","2021","45","Adults (35-64)","M","Germany","Hamburg","Bikes","Road Bikes","Road-750 Black, 48","4","713","1120","1628","2852","4480"
"000261758","44537","7","December","2021","25","Young Adults (25-34)","M","United Kingdom","England","Bikes","Road Bikes","Road-250 Red, 58","3","713","1120","1221","2139","3360"
"000261759","44537","7","December","2021","38","Adults (35-64)","M","United States","California","Bikes","Mountain Bikes","Mountain-200 Silver, 42","2","713","1120","814","1426","2240"
"000261760","44537","7","December","2021","43","Adults (35-64)","F","United States","California","Bikes","Road Bikes","Road-150 Red, 44","2","713","1120","814","1426","2240"
"000261761","44537","7","December","2021","19","Youth (<25)","M","United States","California","Bikes","Road Bikes","Road-550-W Yellow, 42","1","713","1120","407","713","1120"
"000261762","44537","7","December","2021","25","Young Adults (25-34)","F","United Kingdom","England","Bikes","Road Bikes","Road-650 Black, 60","1","713","1120","407","713","1120"
"000261763","44537","7","December","2021","29","Young Adults (25-34)","M","Australia","Queensland","Bikes","Road Bikes","Road-250 Black, 52","1","713","1120","407","713","1120"
"000261764","44537","7","December","2021","33","Young Adults (25-34)","M","France","Somme","Bikes","Road Bikes","Road-250 Black, 48","1","713","1120","407","713","1120"
"000261765","44537","7","December","2021","36","Adults (35-64)","F","Australia","New South Wales","Bikes","Road Bikes","Road-350-W Yellow, 40","1","713","1120","407","713","1120"
"000261766","44537","7","December","2021","41","Adults (35-64)","F","United States","California","Bikes","Road Bikes","Road-750 Black, 52","1","713","1120","407","713","1120"
"000261767","44537","7","December","2021","43","Adults (35-64)","M","Australia","Queensland","Bikes","Road Bikes","Road-150 Red, 52","1","713","1120","407","713","1120"
"000261768","44537","7","December","2021","45","Adults (35-64)","M","United States","Washington","Bikes","Road Bikes","Road-150 Red, 56","1","713","1120","407","713","1120"
"000261769","44537","7","December","2021","49","Adults (35-64)","M","United Kingdom","England","Bikes","Road Bikes","Road-250 Red, 52","1","713","1120","407","713","1120"
"000261770","44538","8","December","2021","19","Youth (<25)","F","Australia","New South Wales","Bikes","Mountain Bikes","Mountain-500 Silver, 42","4","713","1120","1628","2852","4480"
"000261771","44538","8","December","2021","25","Young Adults (25-34)","F","Australia","Victoria","Bikes","Road Bikes","Road-350-W Yellow, 48","4","713","1120","1628","2852","4480"
"000261772","44538","8","December","2021","27","Young Adults (25-34)","M","Australia","South Australia","Bikes","Road Bikes","Road-550-W Yellow, 38","4","713","1120","1628","2852","4480"
"000261773","44538","8","December","2021","30","Young Adults (25-34)","F","Canada","British Columbia","Bikes","Mountain Bikes","Mountain-200 Silver, 38","4","713","1120","1628","2852","4480"
"000261774","44538","8","December","2021","36","Adults (35-64)","F","Australia","New South Wales","Bikes","Road Bikes","Road-350-W Yellow, 40","4","713","1120","1628","2852","4480"
"000261775","44538","8","December","2021","40","Adults (35-64)","M","Australia","New South Wales","Bikes","Road Bikes","Road-250 Red, 58","4","713","1120","1628","2852","4480"
"000261776","44538","8","December","2021","39","Adults (35-64)","F","United States","Oregon","Bikes","Mountain Bikes","Mountain-200 Black, 42","2","713","1120","814","1426","2240"
"000261777","44538","8","December","2021","30","Young Adults (25-34)","F","Australia","Queensland","Bikes","Road Bikes","Road-350-W Yellow, 48","1","713","1120","407","713","1120"
"000261778","44538","8","December","2021","35","Adults (35-64)","F","United States","California","Bikes","Mountain Bikes","Mountain-500 Black, 42","1","713","1120","407","713","1120"
"000261779","44538","8","December","2021","45","Adults (35-64)","M","United Kingdom","England","Bikes","Road Bikes","Road-650 Black, 60","1","713","1120","407","713","1120"
"000261780","44538","8","December","2021","47","Adults (35-64)","F","Canada","British Columbia","Bikes","Road Bikes","Road-750 Black, 44","1","713","1120","407","713","1120"
"000261781","44539","9","December","2021","33","Young Adults (25-34)","F","Australia","Victoria","Bikes","Mountain Bikes","Mountain-100 Black, 38","2","713","1120","814","1426","2240"
"000261782","44539","9","December","2021","34","Young Adults (25-34)","M","Australia","Queensland","Bikes","Road Bikes","Road-250 Black, 58","2","713","1120","814","1426","2240"
"000261783","44539","9","December","2021","75","Seniors (64+)","M","United Kingdom","England","Bikes","Road Bikes","Road-250 Black, 48","2","713","1120","814","1426","2240"
"000261784","44539","9","December","2021","26","Young Adults (25-34)","F","Australia","New South Wales","Bikes","Road Bikes","Road-250 Red, 58","1","713","1120","407","713","1120"
"000261785","44539","9","December","2021","41","Adults (35-64)","F","Germany","Hamburg","Bikes","Mountain Bikes","Mountain-200 Silver, 42","1","713","1120","407","713","1120"
"000261786","44539","9","December","2021","42","Adults (35-64)","F","Australia","New South Wales","Bikes","Road Bikes","Road-150 Red, 62","1","713","1120","407","713","1120"
"000261787","44539","9","December","2021","42","Adults (35-64)","F","Germany","Hessen","Bikes","Road Bikes","Road-650 Red, 62","1","713","1120","407","713","1120"
"000261788","44540","10","December","2021","43","Adults (35-64)","F","Australia","Victoria","Bikes","Road Bikes","Road-350-W Yellow, 44","4","713","1120","1628","2852","4480"
"000261789","44540","10","December","2021","34","Young Adults (25-34)","M","United Kingdom","England","Bikes","Road Bikes","Road-550-W Yellow, 44","3","713","1120","1221","2139","3360"
"000261790","44540","10","December","2021","27","Young Adults (25-34)","F","Australia","Victoria","Bikes","Road Bikes","Road-250 Black, 44","2","713","1120","814","1426","2240"
"000261791","44540","10","December","2021","34","Young Adults (25-34)","F","United States","California","Bikes","Mountain Bikes","Mountain-200 Black, 42","2","713","1120","814","1426","2240"
"000261792","44540","10","December","2021","40","Adults (35-64)","M","Australia","New South Wales","Bikes","Mountain Bikes","Mountain-200 Black, 42","2","713","1120","814","1426","2240"
"000261793","44540","10","December","2021","23","Youth (<25)","F","United States","Washington","Bikes","Road Bikes","Road-150 Red, 48","1","713","1120","407","713","1120"
"000261794","44540","10","December","2021","26","Young Adults (25-34)","M","United Kingdom","England","Bikes","Mountain Bikes","Mountain-200 Black, 38","1","713","1120","407","713","1120"
"000261795","44540","10","December","2021","34","Young Adults (25-34)","M","United States","California","Bikes","Mountain Bikes","Mountain-500 Black, 40","1","713","1120","407","713","1120"
"000261796","44540","10","December","2021","34","Young Adults (25-34)","F","United States","Washington","Bikes","Mountain Bikes","Mountain-100 Silver, 44","1","713","1120","407","713","1120"
"000261797","44540","10","December","2021","38","Adults (35-64)","M","Australia","New South Wales","Bikes","Mountain Bikes","Mountain-200 Black, 38","1","713","1120","407","713","1120"
"000261798","44541","11","December","2021","24","Youth (<25)","M","France","Seine Saint Denis","Bikes","Road Bikes","Road-250 Black, 52","4","713","1120","1628","2852","4480"
"000261799","44541","11","December","2021","56","Adults (35-64)","M","United States","California","Bikes","Road Bikes","Road-250 Red, 58","4","713","1120","1628","2852","4480"
"000261800","44541","11","December","2021","24","Youth (<25)","F","France","Seine (Paris)","Bikes","Mountain Bikes","Mountain-200 Black, 38","3","713","1120","1221","2139","3360"
"000261801","44541","11","December","2021","27","Young Adults (25-34)","F","France","Seine Saint Denis","Bikes","Road Bikes","Road-250 Red, 58","3","713","1120","1221","2139","3360"
"000261802","44541","11","December","2021","41","Adults (35-64)","M","United States","California","Bikes","Road Bikes","Road-750 Black, 48","3","713","1120","1221","2139","3360"
"000261803","44541","11","December","2021","36","Adults (35-64)","F","Australia","Queensland","Bikes","Road Bikes","Road-350-W Yellow, 44","2","713","1120","814","1426","2240"
"000261804","44541","11","December","2021","41","Adults (35-64)","F","Australia","New South Wales","Bikes","Mountain Bikes","Mountain-400-W Silver, 38","2","713","1120","814","1426","2240"
"000261805","44541","11","December","2021","18","Youth (<25)","F","United States","California","Bikes","Road Bikes","Road-650 Black, 62","1","713","1120","407","713","1120"
"000261806","44541","11","December","2021","27","Young Adults (25-34)","M","Canada","British Columbia","Bikes","Mountain Bikes","Mountain-200 Black, 46","1","713","1120","407","713","1120"
"000261807","44541","11","December","2021","27","Young Adults (25-34)","F","France","Nord","Bikes","Road Bikes","Road-250 Black, 52","1","713","1120","407","713","1120"
"000261808","44541","11","December","2021","29","Young Adults (25-34)","F","United Kingdom","England","Bikes","Road Bikes","Road-550-W Yellow, 38","1","713","1120","407","713","1120"
"000261809","44541","11","December","2021","37","Adults (35-64)","M","United States","California","Bikes","Mountain Bikes","Mountain-400-W Silver, 46","1","713","1120","407","713","1120"
"000261810","44541","11","December","2021","38","Adults (35-64)","F","United States","California","Bikes","Mountain Bikes","Mountain-200 Silver, 38","1","713","1120","407","713","1120"
"000261811","44541","11","December","2021","54","Adults (35-64)","M","United States","Washington","Bikes","Road Bikes","Road-550-W Yellow, 40","1","713","1120","407","713","1120"
"000261812","44542","12","December","2021","27","Young Adults (25-34)","M","Australia","Victoria","Bikes","Road Bikes","Road-750 Black, 58","4","713","1120","1628","2852","4480"
"000261813","44542","12","December","2021","36","Adults (35-64)","F","Australia","New South Wales","Bikes","Mountain Bikes","Mountain-200 Silver, 42","4","713","1120","1628","2852","4480"
"000261814","44542","12","December","2021","37","Adults (35-64)","M","United States","California","Bikes","Mountain Bikes","Mountain-400-W Silver, 46","4","713","1120","1628","2852","4480"
"000261815","44542","12","December","2021","47","Adults (35-64)","M","Germany","Nordrhein-Westfalen","Bikes","Road Bikes","Road-650 Black, 44","4","713","1120","1628","2852","4480"
"000261816","44542","12","December","2021","18","Youth (<25)","M","Germany","Hessen","Bikes","Road Bikes","Road-250 Black, 52","3","713","1120","1221","2139","3360"
"000261817","44542","12","December","2021","28","Young Adults (25-34)","M","France","Nord","Bikes","Road Bikes","Road-150 Red, 44","3","713","1120","1221","2139","3360"
"000261818","44542","12","December","2021","33","Young Adults (25-34)","F","United Kingdom","England","Bikes","Road Bikes","Road-350-W Yellow, 48","3","713","1120","1221","2139","3360"
"000261819","44542","12","December","2021","43","Adults (35-64)","M","United States","California","Bikes","Road Bikes","Road-150 Red, 48","3","713","1120","1221","2139","3360"
"000261820","44542","12","December","2021","52","Adults (35-64)","F","United Kingdom","England","Bikes","Road Bikes","Road-250 Black, 58","3","713","1120","1221","2139","3360"
"000261821","44542","12","December","2021","23","Youth (<25)","M","United States","Washington","Bikes","Road Bikes","Road-750 Black, 52","2","713","1120","814","1426","2240"
"000261822","44542","12","December","2021","34","Young Adults (25-34)","M","Australia","New South Wales","Bikes","Mountain Bikes","Mountain-200 Black, 38","2","713","1120","814","1426","2240"
"000261823","44542","12","December","2021","33","Young Adults (25-34)","M","Germany","Saarland","Bikes","Road Bikes","Road-250 Red, 44","1","713","1120","407","713","1120"
"000261824","44542","12","December","2021","34","Young Adults (25-34)","M","Germany","Saarland","Bikes","Road Bikes","Road-650 Red, 48","1","713","1120","407","713","1120"
"000261825","44542","12","December","2021","35","Adults (35-64)","F","Australia","Victoria","Bikes","Mountain Bikes","Mountain-200 Silver, 42","1","713","1120","407","713","1120"
"000261826","44542","12","December","2021","37","Adults (35-64)","M","France","Seine (Paris)","Bikes","Road Bikes","Road-150 Red, 44","1","713","1120","407","713","1120"
"000261827","44542","12","December","2021","38","Adults (35-64)","F","United States","Washington","Bikes","Mountain Bikes","Mountain-200 Silver, 42","1","713","1120","407","713","1120"
"000261828","44542","12","December","2021","46","Adults (35-64)","F","Australia","New South Wales","Bikes","Road Bikes","Road-750 Black, 48","1","713","1120","407","713","1120"
"000261829","44543","13","December","2021","28","Young Adults (25-34)","M","Australia","New South Wales","Bikes","Road Bikes","Road-350-W Yellow, 42","4","713","1120","1628","2852","4480"
"000261830","44543","13","December","2021","32","Young Adults (25-34)","F","Australia","Queensland","Bikes","Mountain Bikes","Mountain-200 Silver, 42","3","713","1120","1221","2139","3360"
"000261831","44543","13","December","2021","28","Young Adults (25-34)","F","France","Moselle","Bikes","Road Bikes","Road-350-W Yellow, 40","2","713","1120","814","1426","2240"
"000261832","44543","13","December","2021","29","Young Adults (25-34)","F","Australia","Queensland","Bikes","Road Bikes","Road-250 Black, 44","2","713","1120","814","1426","2240"
"000261833","44543","13","December","2021","27","Young Adults (25-34)","M","Australia","Victoria","Bikes","Road Bikes","Road-750 Black, 58","1","713","1120","407","713","1120"
"000261834","44543","13","December","2021","35","Adults (35-64)","F","Germany","Saarland","Bikes","Road Bikes","Road-350-W Yellow, 44","1","713","1120","407","713","1120"
"000261835","44543","13","December","2021","37","Adults (35-64)","M","Australia","New South Wales","Bikes","Road Bikes","Road-350-W Yellow, 42","1","713","1120","407","713","1120"
"000261836","44543","13","December","2021","40","Adults (35-64)","F","United States","California","Bikes","Mountain Bikes","Mountain-500 Silver, 40","1","713","1120","407","713","1120"
"000261837","44543","13","December","2021","44","Adults (35-64)","F","United Kingdom","England","Bikes","Mountain Bikes","Mountain-200 Black, 38","1","713","1120","407","713","1120"
"000261838","44543","13","December","2021","49","Adults (35-64)","M","United Kingdom","England","Bikes","Mountain Bikes","Mountain-200 Black, 38","1","713","1120","407","713","1120"
"000261839","44543","13","December","2021","54","Adults (35-64)","F","United States","Washington","Bikes","Road Bikes","Road-650 Red, 58","1","713","1120","407","713","1120"
"000261840","44543","13","December","2021","69","Seniors (64+)","M","Australia","Queensland","Bikes","Road Bikes","Road-250 Red, 58","1","713","1120","407","713","1120"
"000261841","44544","14","December","2021","33","Young Adults (25-34)","F","Germany","Hessen","Bikes","Road Bikes","Road-150 Red, 56","4","713","1120","1628","2852","4480"
"000261842","44544","14","December","2021","46","Adults (35-64)","F","Australia","Victoria","Bikes","Road Bikes","Road-750 Black, 48","4","713","1120","1628","2852","4480"
"000261843","44544","14","December","2021","32","Young Adults (25-34)","M","France","Seine (Paris)","Bikes","Road Bikes","Road-150 Red, 48","3","713","1120","1221","2139","3360"
"000261844","44544","14","December","2021","32","Young Adults (25-34)","M","France","Hauts de Seine","Bikes","Road Bikes","Road-550-W Yellow, 42","3","713","1120","1221","2139","3360"
"000261845","44544","14","December","2021","30","Young Adults (25-34)","F","United States","Washington","Bikes","Mountain Bikes","Mountain-200 Silver, 38","2","713","1120","814","1426","2240"
"000261846","44544","14","December","2021","30","Young Adults (25-34)","M","France","Seine Saint Denis","Bikes","Road Bikes","Road-250 Black, 48","2","713","1120","814","1426","2240"
"000261847","44544","14","December","2021","36","Adults (35-64)","F","Australia","South Australia","Bikes","Road Bikes","Road-150 Red, 52","2","713","1120","814","1426","2240"
"000261848","44544","14","December","2021","43","Adults (35-64)","F","United States","California","Bikes","Road Bikes","Road-150 Red, 44","2","713","1120","814","1426","2240"
"000261849","44544","14","December","2021","32","Young Adults (25-34)","M","United States","California","Bikes","Mountain Bikes","Mountain-200 Black, 46","1","713","1120","407","713","1120"
"000261850","44544","14","December","2021","32","Young Adults (25-34)","F","Australia","Victoria","Bikes","Mountain Bikes","Mountain-400-W Silver, 46","1","713","1120","407","713","1120"
"000261851","44544","14","December","2021","36","Adults (35-64)","F","Australia","Victoria","Bikes","Road Bikes","Road-550-W Yellow, 48","1","713","1120","407","713","1120"
"000261852","44544","14","December","2021","37","Adults (35-64)","M","Germany","Saarland","Bikes","Road Bikes","Road-550-W Yellow, 38","1","713","1120","407","713","1120"
"000261853","44544","14","December","2021","40","Adults (35-64)","F","Germany","Hessen","Bikes","Road Bikes","Road-150 Red, 44","1","713","1120","407","713","1120"
"000261854","44544","14","December","2021","44","Adults (35-64)","M","United States","California","Bikes","Road Bikes","Road-750 Black, 48","1","713","1120","407","713","1120"
"000261855","44544","14","December","2021","44","Adults (35-64)","M","Australia","New South Wales","Bikes","Road Bikes","Road-250 Red, 58","1","713","1120","407","713","1120"
"000261856","44544","14","December","2021","55","Adults (35-64)","M","United States","Washington","Bikes","Road Bikes","Road-550-W Yellow, 42","1","713","1120","407","713","1120"
"000261857","44545","15","December","2021","23","Youth (<25)","M","United Kingdom","England","Bikes","Road Bikes","Road-150 Red, 52","4","713","1120","1628","2852","4480"
"000261858","44545","15","December","2021","28","Young Adults (25-34)","F","Australia","New South Wales","Bikes","Road Bikes","Road-250 Black, 52","4","713","1120","1628","2852","4480"
"000261859","44545","15","December","2021","36","Adults (35-64)","M","Germany","Saarland","Bikes","Road Bikes","Road-350-W Yellow, 48","3","713","1120","1221","2139","3360"
"000261860","44545","15","December","2021","47","Adults (35-64)","M","United Kingdom","England","Bikes","Road Bikes","Road-650 Black, 62","2","713","1120","814","1426","2240"
"000261861","44545","15","December","2021","29","Young Adults (25-34)","F","United States","California","Bikes","Mountain Bikes","Mountain-200 Silver, 42","1","713","1120","407","713","1120"
"000261862","44546","16","December","2021","48","Adults (35-64)","F","Canada","British Columbia","Bikes","Road Bikes","Road-750 Black, 58","4","713","1120","1628","2852","4480"
"000261863","44546","16","December","2021","26","Young Adults (25-34)","F","Germany","Hessen","Bikes","Road Bikes","Road-250 Red, 58","3","713","1120","1221","2139","3360"
"000261864","44546","16","December","2021","29","Young Adults (25-34)","M","United States","Oregon","Bikes","Road Bikes","Road-650 Black, 44","2","713","1120","814","1426","2240"
"000261865","44546","16","December","2021","33","Young Adults (25-34)","F","Australia","New South Wales","Bikes","Mountain Bikes","Mountain-200 Black, 38","2","713","1120","814","1426","2240"
"000261866","44546","16","December","2021","38","Adults (35-64)","M","Australia","New South Wales","Bikes","Mountain Bikes","Mountain-200 Black, 38","2","713","1120","814","1426","2240"
"000261867","44546","16","December","2021","18","Youth (<25)","F","United States","Oregon","Bikes","Road Bikes","Road-650 Red, 48","1","713","1120","407","713","1120"
"000261868","44546","16","December","2021","27","Young Adults (25-34)","F","France","Seine et Marne","Bikes","Mountain Bikes","Mountain-200 Silver, 46","1","713","1120","407","713","1120"
"000261869","44546","16","December","2021","28","Young Adults (25-34)","M","France","Seine (Paris)","Bikes","Road Bikes","Road-550-W Yellow, 44","1","713","1120","407","713","1120"
"000261870","44546","16","December","2021","32","Young Adults (25-34)","M","France","Seine (Paris)","Bikes","Road Bikes","Road-150 Red, 48","1","713","1120","407","713","1120"
"000261871","44546","16","December","2021","42","Adults (35-64)","F","Australia","Queensland","Bikes","Road Bikes","Road-550-W Yellow, 40","1","713","1120","407","713","1120"
"000261872","44546","16","December","2021","43","Adults (35-64)","M","United States","California","Bikes","Road Bikes","Road-150 Red, 48","1","713","1120","407","713","1120"
"000261873","44547","17","December","2021","18","Youth (<25)","M","United States","California","Bikes","Road Bikes","Road-550-W Yellow, 40","4","713","1120","1628","2852","4480"
"000261874","44547","17","December","2021","27","Young Adults (25-34)","M","Australia","Queensland","Bikes","Road Bikes","Road-250 Black, 44","4","713","1120","1628","2852","4480"
"000261875","44547","17","December","2021","36","Adults (35-64)","F","Australia","New South Wales","Bikes","Road Bikes","Road-350-W Yellow, 40","4","713","1120","1628","2852","4480"
"000261876","44547","17","December","2021","42","Adults (35-64)","F","Australia","Victoria","Bikes","Road Bikes","Road-750 Black, 48","4","713","1120","1628","2852","4480"
"000261877","44547","17","December","2021","37","Adults (35-64)","F","United States","Washington","Bikes","Mountain Bikes","Mountain-200 Silver, 38","2","713","1120","814","1426","2240"
"000261878","44547","17","December","2021","31","Young Adults (25-34)","M","Australia","New South Wales","Bikes","Mountain Bikes","Mountain-400-W Silver, 42","1","713","1120","407","713","1120"
"000261879","44547","17","December","2021","40","Adults (35-64)","F","United States","California","Bikes","Road Bikes","Road-250 Black, 58","1","713","1120","407","713","1120"
"000261880","44547","17","December","2021","42","Adults (35-64)","F","Germany","Nordrhein-Westfalen","Bikes","Mountain Bikes","Mountain-200 Silver, 46","1","713","1120","407","713","1120"
"000261881","44547","17","December","2021","42","Adults (35-64)","F","Australia","Queensland","Bikes","Road Bikes","Road-550-W Yellow, 40","1","713","1120","407","713","1120"
"000261882","44547","17","December","2021","43","Adults (35-64)","F","Australia","New South Wales","Bikes","Road Bikes","Road-150 Red, 56","1","713","1120","407","713","1120"
"000261883","44547","17","December","2021","44","Adults (35-64)","M","United Kingdom","England","Bikes","Road Bikes","Road-550-W Yellow, 48","1","713","1120","407","713","1120"
"000261884","44548","18","December","2021","35","Adults (35-64)","F","Australia","New South Wales","Bikes","Mountain Bikes","Mountain-500 Silver, 42","4","713","1120","1628","2852","4480"
"000261885","44548","18","December","2021","38","Adults (35-64)","F","Germany","Nordrhein-Westfalen","Bikes","Mountain Bikes","Mountain-200 Silver, 46","4","713","1120","1628","2852","4480"
"000261886","44548","18","December","2021","24","Youth (<25)","F","France","Seine Saint Denis","Bikes","Mountain Bikes","Mountain-200 Silver, 38","3","713","1120","1221","2139","3360"
"000261887","44548","18","December","2021","26","Young Adults (25-34)","F","United Kingdom","England","Bikes","Mountain Bikes","Mountain-400-W Silver, 42","3","713","1120","1221","2139","3360"
"000261888","44548","18","December","2021","26","Young Adults (25-34)","F","France","Hauts de Seine","Bikes","Road Bikes","Road-250 Red, 52","3","713","1120","1221","2139","3360"
"000261889","44548","18","December","2021","39","Adults (35-64)","M","United States","California","Bikes","Mountain Bikes","Mountain-200 Black, 42","3","713","1120","1221","2139","3360"
"000261890","44548","18","December","2021","47","Adults (35-64)","M","Australia","Victoria","Bikes","Road Bikes","Road-750 Black, 48","2","713","1120","814","1426","2240"
"000261891","44548","18","December","2021","26","Young Adults (25-34)","M","France","Seine (Paris)","Bikes","Mountain Bikes","Mountain-200 Black, 46","1","713","1120","407","713","1120"
"000261892","44548","18","December","2021","36","Adults (35-64)","M","United States","Washington","Bikes","Mountain Bikes","Mountain-200 Silver, 38","1","713","1120","407","713","1120"
"000261893","44548","18","December","2021","45","Adults (35-64)","F","Australia","New South Wales","Bikes","Road Bikes","Road-550-W Yellow, 40","1","713","1120","407","713","1120"
"000261894","44549","19","December","2021","17","Youth (<25)","M","France","Nord","Bikes","Mountain Bikes","Mountain-200 Silver, 46","4","713","1120","1628","2852","4480"
"000261895","44549","19","December","2021","19","Youth (<25)","F","Australia","Victoria","Bikes","Mountain Bikes","Mountain-500 Black, 44","4","713","1120","1628","2852","4480"
"000261896","44549","19","December","2021","24","Youth (<25)","F","France","Garonne (Haute)","Bikes","Road Bikes","Road-250 Red, 44","4","713","1120","1628","2852","4480"
"000261897","44549","19","December","2021","25","Young Adults (25-34)","M","France","Seine (Paris)","Bikes","Mountain Bikes","Mountain-200 Black, 38","4","713","1120","1628","2852","4480"
"000261898","44549","19","December","2021","35","Adults (35-64)","F","United States","Oregon","Bikes","Mountain Bikes","Mountain-100 Black, 48","4","713","1120","1628","2852","4480"
"000261899","44549","19","December","2021","37","Adults (35-64)","M","United States","Oregon","Bikes","Mountain Bikes","Mountain-200 Black, 38","4","713","1120","1628","2852","4480"
"000261900","44549","19","December","2021","39","Adults (35-64)","F","United States","California","Bikes","Mountain Bikes","Mountain-200 Black, 46","4","713","1120","1628","2852","4480"
"000261901","44549","19","December","2021","63","Adults (35-64)","F","Australia","Queensland","Bikes","Mountain Bikes","Mountain-200 Black, 46","4","713","1120","1628","2852","4480"
"000261902","44549","19","December","2021","50","Adults (35-64)","F","Germany","Nordrhein-Westfalen","Bikes","Road Bikes","Road-550-W Yellow, 42","3","713","1120","1221","2139","3360"
"000261903","44549","19","December","2021","18","Youth (<25)","M","Australia","South Australia","Bikes","Mountain Bikes","Mountain-500 Black, 40","2","713","1120","814","1426","2240"
"000261904","44549","19","December","2021","56","Adults (35-64)","F","Germany","Hessen","Bikes","Mountain Bikes","Mountain-200 Black, 46","2","713","1120","814","1426","2240"
"000261905","44549","19","December","2021","38","Adults (35-64)","M","Australia","New South Wales","Bikes","Road Bikes","Road-550-W Yellow, 42","1","713","1120","407","713","1120"
"000261906","44549","19","December","2021","39","Adults (35-64)","F","United States","Washington","Bikes","Mountain Bikes","Mountain-200 Silver, 38","1","713","1120","407","713","1120"
"000261907","44549","19","December","2021","57","Adults (35-64)","F","Australia","New South Wales","Bikes","Road Bikes","Road-350-W Yellow, 44","1","713","1120","407","713","1120"
"000261908","44550","20","December","2021","33","Young Adults (25-34)","F","Australia","Victoria","Bikes","Mountain Bikes","Mountain-100 Black, 38","4","713","1120","1628","2852","4480"
"000261909","44550","20","December","2021","34","Young Adults (25-34)","F","United Kingdom","England","Bikes","Road Bikes","Road-350-W Yellow, 42","4","713","1120","1628","2852","4480"
"000261910","44550","20","December","2021","57","Adults (35-64)","M","Australia","Queensland","Bikes","Mountain Bikes","Mountain-200 Black, 46","4","713","1120","1628","2852","4480"
"000261911","44550","20","December","2021","29","Young Adults (25-34)","M","Canada","British Columbia","Bikes","Mountain Bikes","Mountain-500 Black, 52","3","713","1120","1221","2139","3360"
"000261912","44550","20","December","2021","33","Young Adults (25-34)","M","France","Charente-Maritime","Bikes","Road Bikes","Road-250 Black, 52","3","713","1120","1221","2139","3360"
"000261913","44550","20","December","2021","35","Adults (35-64)","M","France","Loiret","Bikes","Road Bikes","Road-150 Red, 52","3","713","1120","1221","2139","3360"
"000261914","44550","20","December","2021","42","Adults (35-64)","M","Australia","New South Wales","Bikes","Road Bikes","Road-150 Red, 44","3","713","1120","1221","2139","3360"
"000261915","44550","20","December","2021","43","Adults (35-64)","M","United States","California","Bikes","Road Bikes","Road-150 Red, 48","2","713","1120","814","1426","2240"
"000261916","44550","20","December","2021","27","Young Adults (25-34)","F","Canada","British Columbia","Bikes","Road Bikes","Road-550-W Yellow, 48","1","713","1120","407","713","1120"
"000261917","44550","20","December","2021","35","Adults (35-64)","F","Australia","Queensland","Bikes","Mountain Bikes","Mountain-200 Silver, 38","1","713","1120","407","713","1120"
"000261918","44550","20","December","2021","35","Adults (35-64)","M","Australia","Victoria","Bikes","Mountain Bikes","Mountain-200 Silver, 38","1","713","1120","407","713","1120"
"000261919","44550","20","December","2021","35","Adults (35-64)","F","Australia","Queensland","Bikes","Road Bikes","Road-350-W Yellow, 44","1","713","1120","407","713","1120"
"000261920","44550","20","December","2021","43","Adults (35-64)","M","United States","Washington","Bikes","Road Bikes","Road-350-W Yellow, 40","1","713","1120","407","713","1120"
"000261921","44550","20","December","2021","51","Adults (35-64)","F","Australia","New South Wales","Bikes","Road Bikes","Road-350-W Yellow, 40","1","713","1120","407","713","1120"
"000261922","44551","21","December","2021","26","Young Adults (25-34)","M","France","Somme","Bikes","Mountain Bikes","Mountain-200 Silver, 38","3","713","1120","1221","2139","3360"
"000261923","44551","21","December","2021","23","Youth (<25)","M","United Kingdom","England","Bikes","Mountain Bikes","Mountain-400-W Silver, 46","2","713","1120","814","1426","2240"
"000261924","44551","21","December","2021","27","Young Adults (25-34)","F","Australia","Queensland","Bikes","Road Bikes","Road-250 Red, 58","1","713","1120","407","713","1120"
"000261925","44552","22","December","2021","30","Young Adults (25-34)","F","United States","Washington","Bikes","Mountain Bikes","Mountain-200 Silver, 38","3","713","1120","1221","2139","3360"
"000261926","44552","22","December","2021","40","Adults (35-64)","F","United Kingdom","England","Bikes","Road Bikes","Road-750 Black, 58","3","713","1120","1221","2139","3360"
"000261927","44552","22","December","2021","41","Adults (35-64)","M","United States","California","Bikes","Mountain Bikes","Mountain-200 Black, 42","3","713","1120","1221","2139","3360"
"000261928","44552","22","December","2021","28","Young Adults (25-34)","M","United States","California","Bikes","Road Bikes","Road-150 Red, 62","2","713","1120","814","1426","2240"
"000261929","44552","22","December","2021","18","Youth (<25)","M","United States","California","Bikes","Road Bikes","Road-550-W Yellow, 40","1","713","1120","407","713","1120"
"000261930","44552","22","December","2021","19","Youth (<25)","F","Australia","New South Wales","Bikes","Mountain Bikes","Mountain-500 Silver, 42","1","713","1120","407","713","1120"
"000261931","44552","22","December","2021","25","Young Adults (25-34)","M","France","Seine (Paris)","Bikes","Mountain Bikes","Mountain-200 Black, 38","1","713","1120","407","713","1120"
"000261932","44552","22","December","2021","27","Young Adults (25-34)","F","Canada","British Columbia","Bikes","Mountain Bikes","Mountain-200 Black, 46","1","713","1120","407","713","1120"
"000261933","44552","22","December","2021","28","Young Adults (25-34)","F","United States","California","Bikes","Road Bikes","Road-750 Black, 44","1","713","1120","407","713","1120"
"000261934","44552","22","December","2021","29","Young Adults (25-34)","F","United Kingdom","England","Bikes","Road Bikes","Road-550-W Yellow, 38","1","713","1120","407","713","1120"
"000261935","44552","22","December","2021","41","Adults (35-64)","M","Germany","Hessen","Bikes","Mountain Bikes","Mountain-200 Silver, 38","1","713","1120","407","713","1120"
"000261936","44552","22","December","2021","42","Adults (35-64)","M","United Kingdom","England","Bikes","Road Bikes","Road-650 Red, 58","1","713","1120","407","713","1120"
"000261937","44553","23","December","2021","29","Young Adults (25-34)","M","United Kingdom","England","Bikes","Road Bikes","Road-350-W Yellow, 48","4","713","1120","1628","2852","4480"
"000261938","44553","23","December","2021","23","Youth (<25)","M","United States","Oregon","Bikes","Road Bikes","Road-350-W Yellow, 42","3","713","1120","1221","2139","3360"
"000261939","44553","23","December","2021","22","Youth (<25)","M","United States","California","Bikes","Road Bikes","Road-250 Red, 44","2","713","1120","814","1426","2240"
"000261940","44553","23","December","2021","34","Young Adults (25-34)","M","Australia","Queensland","Bikes","Road Bikes","Road-250 Black, 58","2","713","1120","814","1426","2240"
"000261941","44553","23","December","2021","34","Young Adults (25-34)","F","Australia","South Australia","Bikes","Road Bikes","Road-550-W Yellow, 40","2","713","1120","814","1426","2240"
"000261942","44553","23","December","2021","19","Youth (<25)","M","United States","California","Bikes","Road Bikes","Road-550-W Yellow, 42","1","713","1120","407","713","1120"
"000261943","44553","23","December","2021","30","Young Adults (25-34)","F","United States","Oregon","Bikes","Mountain Bikes","Mountain-200 Silver, 42","1","713","1120","407","713","1120"
"000261944","44553","23","December","2021","31","Young Adults (25-34)","F","Canada","British Columbia","Bikes","Mountain Bikes","Mountain-200 Black, 42","1","713","1120","407","713","1120"
"000261945","44553","23","December","2021","35","Adults (35-64)","F","United States","California","Bikes","Mountain Bikes","Mountain-500 Black, 42","1","713","1120","407","713","1120"
"000261946","44553","23","December","2021","37","Adults (35-64)","F","France","Seine Saint Denis","Bikes","Road Bikes","Road-150 Red, 48","1","713","1120","407","713","1120"
"000261947","44553","23","December","2021","43","Adults (35-64)","M","United States","Washington","Bikes","Road Bikes","Road-350-W Yellow, 40","1","713","1120","407","713","1120"
"000261948","44553","23","December","2021","57","Adults (35-64)","F","Australia","Queensland","Bikes","Road Bikes","Road-150 Red, 52","1","713","1120","407","713","1120"
"000261949","44554","24","December","2021","38","Adults (35-64)","M","Australia","Queensland","Bikes","Mountain Bikes","Mountain-200 Black, 42","4","713","1120","1628","2852","4480"
"000261950","44554","24","December","2021","25","Young Adults (25-34)","M","France","Seine Saint Denis","Bikes","Mountain Bikes","Mountain-200 Silver, 42","3","713","1120","1221","2139","3360"
"000261951","44554","24","December","2021","49","Adults (35-64)","F","Germany","Nordrhein-Westfalen","Bikes","Road Bikes","Road-250 Red, 58","3","713","1120","1221","2139","3360"
"000261952","44554","24","December","2021","19","Youth (<25)","F","Australia","South Australia","Bikes","Mountain Bikes","Mountain-200 Silver, 38","2","713","1120","814","1426","2240"
"000261953","44554","24","December","2021","36","Adults (35-64)","M","Australia","Queensland","Bikes","Road Bikes","Road-550-W Yellow, 44","2","713","1120","814","1426","2240"
"000261954","44554","24","December","2021","24","Youth (<25)","M","United Kingdom","England","Bikes","Road Bikes","Road-750 Black, 44","1","713","1120","407","713","1120"
"000261955","44554","24","December","2021","27","Young Adults (25-34)","M","United States","California","Bikes","Road Bikes","Road-550-W Yellow, 42","1","713","1120","407","713","1120"
"000261956","44554","24","December","2021","27","Young Adults (25-34)","F","France","Yveline","Bikes","Road Bikes","Road-750 Black, 52","1","713","1120","407","713","1120"
"000261957","44554","24","December","2021","29","Young Adults (25-34)","M","United Kingdom","England","Bikes","Road Bikes","Road-350-W Yellow, 48","1","713","1120","407","713","1120"
"000261958","44554","24","December","2021","34","Young Adults (25-34)","F","United States","California","Bikes","Mountain Bikes","Mountain-200 Black, 42","1","713","1120","407","713","1120"
"000261959","44554","24","December","2021","36","Adults (35-64)","M","Germany","Hessen","Bikes","Road Bikes","Road-550-W Yellow, 48","1","713","1120","407","713","1120"
"000261960","44554","24","December","2021","37","Adults (35-64)","F","Australia","Victoria","Bikes","Mountain Bikes","Mountain-200 Silver, 38","1","713","1120","407","713","1120"
"000261961","44554","24","December","2021","40","Adults (35-64)","F","Germany","Hessen","Bikes","Mountain Bikes","Mountain-200 Black, 46","1","713","1120","407","713","1120"
"000261962","44555","25","December","2021","31","Young Adults (25-34)","M","United Kingdom","England","Bikes","Road Bikes","Road-350-W Yellow, 40","4","713","1120","1628","2852","4480"
"000261963","44555","25","December","2021","25","Young Adults (25-34)","M","Germany","Bayern","Bikes","Road Bikes","Road-250 Black, 52","3","713","1120","1221","2139","3360"
"000261964","44555","25","December","2021","37","Adults (35-64)","F","Germany","Nordrhein-Westfalen","Bikes","Mountain Bikes","Mountain-200 Silver, 38","3","713","1120","1221","2139","3360"
"000261965","44555","25","December","2021","38","Adults (35-64)","F","Australia","Victoria","Bikes","Mountain Bikes","Mountain-200 Silver, 38","2","713","1120","814","1426","2240"
"000261966","44555","25","December","2021","27","Young Adults (25-34)","F","France","Yveline","Bikes","Road Bikes","Road-750 Black, 52","1","713","1120","407","713","1120"
"000261967","44555","25","December","2021","34","Young Adults (25-34)","F","Australia","Queensland","Bikes","Road Bikes","Road-150 Red, 62","1","713","1120","407","713","1120"
"000261968","44555","25","December","2021","44","Adults (35-64)","M","United States","California","Bikes","Road Bikes","Road-750 Black, 48","1","713","1120","407","713","1120"
"000261969","44555","25","December","2021","50","Adults (35-64)","M","Australia","New South Wales","Bikes","Road Bikes","Road-750 Black, 52","1","713","1120","407","713","1120"
"000261970","44556","26","December","2021","38","Adults (35-64)","F","Australia","Queensland","Bikes","Mountain Bikes","Mountain-200 Black, 38","3","713","1120","1221","2139","3360"
"000261971","44556","26","December","2021","30","Young Adults (25-34)","M","United States","California","Bikes","Mountain Bikes","Mountain-400-W Silver, 38","2","713","1120","814","1426","2240"
"000261972","44556","26","December","2021","54","Adults (35-64)","M","Australia","Victoria","Bikes","Mountain Bikes","Mountain-200 Black, 38","2","713","1120","814","1426","2240"
"000261973","44556","26","December","2021","24","Youth (<25)","M","Canada","British Columbia","Bikes","Road Bikes","Road-350-W Yellow, 48","1","713","1120","407","713","1120"
"000261974","44556","26","December","2021","25","Young Adults (25-34)","F","United Kingdom","England","Bikes","Mountain Bikes","Mountain-200 Black, 42","1","713","1120","407","713","1120"
"000261975","44556","26","December","2021","28","Young Adults (25-34)","M","France","Seine Saint Denis","Bikes","Road Bikes","Road-250 Red, 44","1","713","1120","407","713","1120"
"000261976","44556","26","December","2021","34","Young Adults (25-34)","M","United States","California","Bikes","Mountain Bikes","Mountain-500 Black, 40","1","713","1120","407","713","1120"
"000261977","44556","26","December","2021","42","Adults (35-64)","M","United States","Washington","Bikes","Road Bikes","Road-750 Black, 44","1","713","1120","407","713","1120"
"000261978","44557","27","December","2021","26","Young Adults (25-34)","F","Australia","Victoria","Bikes","Road Bikes","Road-150 Red, 48","4","713","1120","1628","2852","4480"
"000261979","44557","27","December","2021","37","Adults (35-64)","M","Canada","British Columbia","Bikes","Road Bikes","Road-750 Black, 44","2","713","1120","814","1426","2240"
"000261980","44557","27","December","2021","44","Adults (35-64)","M","United Kingdom","England","Bikes","Mountain Bikes","Mountain-200 Silver, 42","2","713","1120","814","1426","2240"
"000261981","44557","27","December","2021","26","Young Adults (25-34)","M","France","Essonne","Bikes","Road Bikes","Road-250 Black, 52","1","713","1120","407","713","1120"
"000261982","44557","27","December","2021","36","Adults (35-64)","F","Germany","Hessen","Bikes","Road Bikes","Road-250 Black, 58","1","713","1120","407","713","1120"
"000261983","44557","27","December","2021","38","Adults (35-64)","M","Australia","Victoria","Bikes","Mountain Bikes","Mountain-200 Silver, 42","1","713","1120","407","713","1120"
"000261984","44557","27","December","2021","41","Adults (35-64)","F","Australia","Victoria","Bikes","Road Bikes","Road-150 Red, 48","1","713","1120","407","713","1120"
"000261985","44557","27","December","2021","42","Adults (35-64)","F","United States","California","Bikes","Road Bikes","Road-250 Black, 52","1","713","1120","407","713","1120"
"000261986","44557","27","December","2021","49","Adults (35-64)","M","Australia","New South Wales","Bikes","Road Bikes","Road-750 Black, 52","1","713","1120","407","713","1120"
"000261987","44558","28","December","2021","35","Adults (35-64)","F","Australia","New South Wales","Bikes","Road Bikes","Road-350-W Yellow, 48","4","713","1120","1628","2852","4480"
"000261988","44558","28","December","2021","45","Adults (35-64)","F","Australia","Queensland","Bikes","Road Bikes","Road-750 Black, 48","4","713","1120","1628","2852","4480"
"000261989","44558","28","December","2021","19","Youth (<25)","M","Australia","Victoria","Bikes","Mountain Bikes","Mountain-500 Silver, 52","3","713","1120","1221","2139","3360"
"000261990","44558","28","December","2021","31","Young Adults (25-34)","M","Australia","New South Wales","Bikes","Mountain Bikes","Mountain-400-W Silver, 42","3","713","1120","1221","2139","3360"
"000261991","44558","28","December","2021","36","Adults (35-64)","M","Canada","British Columbia","Bikes","Road Bikes","Road-750 Black, 44","3","713","1120","1221","2139","3360"
"000261992","44558","28","December","2021","44","Adults (35-64)","F","United Kingdom","England","Bikes","Mountain Bikes","Mountain-200 Black, 38","3","713","1120","1221","2139","3360"
"000261993","44558","28","December","2021","30","Young Adults (25-34)","F","United States","Washington","Bikes","Mountain Bikes","Mountain-200 Silver, 38","2","713","1120","814","1426","2240"
"000261994","44558","28","December","2021","34","Young Adults (25-34)","M","Australia","Victoria","Bikes","Mountain Bikes","Mountain-100 Black, 42","1","713","1120","407","713","1120"
"000261995","44558","28","December","2021","39","Adults (35-64)","F","United States","California","Bikes","Mountain Bikes","Mountain-200 Black, 46","1","713","1120","407","713","1120"
"000261996","44558","28","December","2021","46","Adults (35-64)","M","Germany","Saarland","Bikes","Road Bikes","Road-650 Red, 58","1","713","1120","407","713","1120"
"000261997","44559","29","December","2021","24","Youth (<25)","F","France","Pas de Calais","Bikes","Road Bikes","Road-250 Red, 52","4","713","1120","1628","2852","4480"
"000261998","44559","29","December","2021","23","Youth (<25)","F","Germany","Hessen","Bikes","Road Bikes","Road-250 Red, 48","3","713","1120","1221","2139","3360"
"000261999","44559","29","December","2021","25","Young Adults (25-34)","M","Canada","British Columbia","Bikes","Road Bikes","Road-150 Red, 62","3","713","1120","1221","2139","3360"
"000262000","44559","29","December","2021","26","Young Adults (25-34)","F","United Kingdom","England","Bikes","Road Bikes","Road-350-W Yellow, 44","3","713","1120","1221","2139","3360"
"000262001","44559","29","December","2021","30","Young Adults (25-34)","M","France","Moselle","Bikes","Road Bikes","Road-550-W Yellow, 38","2","713","1120","814","1426","2240"
"000262002","44559","29","December","2021","43","Adults (35-64)","M","United Kingdom","England","Bikes","Mountain Bikes","Mountain-200 Silver, 42","2","713","1120","814","1426","2240"
"000262003","44559","29","December","2021","44","Adults (35-64)","F","Australia","Queensland","Bikes","Road Bikes","Road-750 Black, 48","2","713","1120","814","1426","2240"
"000262004","44559","29","December","2021","22","Youth (<25)","F","United States","California","Bikes","Road Bikes","Road-750 Black, 44","1","713","1120","407","713","1120"
"000262005","44559","29","December","2021","23","Youth (<25)","F","France","Seine (Paris)","Bikes","Road Bikes","Road-150 Red, 52","1","713","1120","407","713","1120"
"000262006","44559","29","December","2021","26","Young Adults (25-34)","F","Canada","British Columbia","Bikes","Road Bikes","Road-250 Red, 44","1","713","1120","407","713","1120"
"000262007","44559","29","December","2021","34","Young Adults (25-34)","M","United Kingdom","England","Bikes","Road Bikes","Road-550-W Yellow, 44","1","713","1120","407","713","1120"
"000262008","44559","29","December","2021","35","Adults (35-64)","F","Germany","Saarland","Bikes","Road Bikes","Road-350-W Yellow, 44","1","713","1120","407","713","1120"
"000262009","44559","29","December","2021","43","Adults (35-64)","F","Australia","New South Wales","Bikes","Road Bikes","Road-150 Red, 56","1","713","1120","407","713","1120"
"000262010","44559","29","December","2021","45","Adults (35-64)","F","United States","California","Bikes","Road Bikes","Road-750 Black, 52","1","713","1120","407","713","1120"
"000262011","44560","30","December","2021","23","Youth (<25)","M","United Kingdom","England","Bikes","Road Bikes","Road-150 Red, 52","3","713","1120","1221","2139","3360"
"000262012","44560","30","December","2021","25","Young Adults (25-34)","F","United Kingdom","England","Bikes","Mountain Bikes","Mountain-200 Black, 42","2","713","1120","814","1426","2240"
"000262013","44560","30","December","2021","24","Youth (<25)","F","France","Essonne","Bikes","Mountain Bikes","Mountain-200 Black, 46","1","713","1120","407","713","1120"
"000262014","44560","30","December","2021","29","Young Adults (25-34)","F","Australia","Queensland","Bikes","Road Bikes","Road-250 Black, 44","1","713","1120","407","713","1120"
"000262015","44560","30","December","2021","30","Young Adults (25-34)","M","Australia","Victoria","Bikes","Road Bikes","Road-150 Red, 48","1","713","1120","407","713","1120"
"000262016","44560","30","December","2021","36","Adults (35-64)","M","Australia","Queensland","Bikes","Road Bikes","Road-550-W Yellow, 44","1","713","1120","407","713","1120"
"000262017","44560","30","December","2021","46","Adults (35-64)","F","Australia","New South Wales","Bikes","Road Bikes","Road-750 Black, 48","1","713","1120","407","713","1120"
"000262018","44561","31","December","2021","32","Young Adults (25-34)","M","France","Seine Saint Denis","Bikes","Road Bikes","Road-150 Red, 56","4","713","1120","1628","2852","4480"
"000262019","44561","31","December","2021","36","Adults (35-64)","F","Australia","New South Wales","Bikes","Mountain Bikes","Mountain-200 Silver, 42","3","713","1120","1221","2139","3360"
"000262020","44561","31","December","2021","52","Adults (35-64)","F","United Kingdom","England","Bikes","Road Bikes","Road-250 Black, 58","2","713","1120","814","1426","2240"
"000262021","44561","31","December","2021","25","Young Adults (25-34)","F","Germany","Hessen","Bikes","Road Bikes","Road-550-W Yellow, 38","1","713","1120","407","713","1120"
"000262022","44561","31","December","2021","26","Young Adults (25-34)","M","Australia","Queensland","Bikes","Road Bikes","Road-550-W Yellow, 42","1","713","1120","407","713","1120"
"000262023","44561","31","December","2021","33","Young Adults (25-34)","F","Australia","New South Wales","Bikes","Mountain Bikes","Mountain-200 Black, 38","1","713","1120","407","713","1120"
"000262024","44561","31","December","2021","44","Adults (35-64)","M","Australia","Victoria","Bikes","Road Bikes","Road-550-W Yellow, 42","1","713","1120","407","713","1120"
